company,n,emails
42 Tech,1,julien.balestra@gmail.com
Airbnb,2,"ricky.pai@airbnb.com, rickyp999+github@gmail.com"
Airtame,1,klausenbusk@hotmail.com
Alternative Storage,1,nakayamakenjiro@gmail.com
Amadeus,2,"salvatore-dario.minonne@amadeus.com, yasstij11@gmail.com"
Amazon,1,sidvin@amazon.com
Ancestry.com,2,"nathan.button@gmail.com, nbutton@ancestry.com"
Apache,2,"jay@apache.org, jwhitlock@apache.org"
Aperian Global,1,aaronjlevy@gmail.com
Apprenda,2,"derekmcquay@gmail.com, dmcquay@apprenda.com"
ASG Consulting,1,andy.goldstein@gmail.com
Atlassian,2,"mmazurskiy@atlassian.com, nislamov@atlassian.com"
Bankwest,1,matt.tyler@flashics.com
Bits Working,1,chris@linuxuser.at
Bracket Computing,1,bvanzant@brkt.com
Caicloud,2,"393926893@qq.com, haoyuan.ge@caicloud.io"
Canonical,8,"chris.glass@canonical.com, chuck@dasroot.net, fgimenez@coit.es, george.kraft@canonical.com, jacek.nykis@canonical.com, kos.tsakalozos@canonical.com, marco@ceppi.net, tvansteenburgh@gmail.com"
Capgemini,1,alberto.garcial@hotmail.com
Chariot Solutions,1,robertojrojas@gmail.com
China Mobile International Limited,1,xujun@cmss.chinamobile.com
Cisco,4,"aanm90@gmail.com, ketkulka@gmail.com, pc@michali.net, rpothier@cisco.com"
Clarifai,1,therc@users.noreply.github.com
Cockroach,1,alexdwanerobinson@gmail.com
Code Coup,1,andrew@sig.gy
Compose,1,nick@nickstott.com
Concur,2,"danw@concur.com, emaildanwilson@gmail.com"
ContaAzul,1,caarlos0@users.noreply.github.com
CoreOS,11,"abhinav.dahiya@coreos.com, alex.crawford@coreos.com, brandon.philips@coreos.com, caleb.miles@coreos.com, casey.callendrello@coreos.com, dan.gillespie@coreos.com, eric.chiang.m@gmail.com, gyuhox@gmail.com, luis.pabon@coreos.com, robertguenzler@kinvolk.io, yifan.gu@coreos.com"
Cruise Automation,1,adrian@adrianmacneil.com
CT Lab,1,sky.captin@gmail.com
DaoCloud,2,"allen.sun@daocloud.io, baofa.fan@daocloud.io"
Diamanti,2,"nelcyguy@gmail.com, ravi.gadde@gmail.com"
Douyu.com,2,"hufeng1987@gmail.com, huzhifeng@douyu.tv"
EasyStack,4,"fengyun.pan@easystack.cn, nickren19@gmail.com, yunxian.guo@easystack.cn, yuquan.ren@easystack.cn"
eBay,2,"jinsenorita@gmail.com, zhouhaibing089@gmail.com"
Elisa,1,jesse.haka@elisa.fi
en.N cloud,1,qsj.daniel@gmail.com
FathomDB,1,justin@fathomdb.com
Feedtrail,1,haka.jesse@gmail.com
FINN.no,1,sbekkhus91@gmail.com
Fujitsu,4,"caosf.fnst@cn.fujitsu.com, chenr.fnst@cn.fujitsu.com, maciaszczykm@users.noreply.github.com, mashimiao.fnst@cn.fujitsu.com"
Globo.com,1,cezarsa@gmail.com
Google,78,"abw@google.com, acidburn@google.com, agarwalrohit@google.com, ahmetb@google.com, aleksandram@google.com, apelisse@google.com, beacham@google.com, bowei@google.com, bsalamat@google.com, campbellalex@google.com, chiachenk@google.com, cjcullen@google.com, colew@google.com, crassirostris@yandex.com, csbell@google.com, cxing@google.com, dashpole@google.com, dawnchen@google.com, dbsmith@google.com, djmm@google.com, dnardo@google.com, dvorak@google.com, enisoc@google.com, etune@google.com, fangyuhao@gmail.com, fejta@google.com, gmarek@google.com, grod@google.com, ihmccreery@google.com, jacobsimpson@google.com, jeffml@google.com, jgrafton@google.com, jinxu@google.com, jmacleod@google.com, jregan@google.com, jsz@google.com, krousey@google.com, kumaraji@google.com, kynan.rilee@gmail.com, maciekpytel@google.com, madhusudancs@google.com, mehdy@google.com, mengqiy@google.com, mikedanese@google.com, mikewu@google.com, mixia@google.com, mml@google.com, msau@google.com, mtaufen@google.com, mwielgus@google.com, nicksardo@google.com, nikhiljindal@google.com, owensk@google.com, porridge@google.com, pszczesniak@google.com, pwittroc@google.com, qlee@google.com, ramanathana@google.com, rmmh@google.com, sakshams@google.com, senlu@google.com, shyamjvs@google.com, spxtr@google.com, stclair@google.com, sunilarora@google.com, taotaotheripper@gmail.com, thockin@google.com, verb@google.com, vishnuk@google.com, vmik@google.com, wasylkowski@google.com, wfender@google.com, wojtekt@google.com, xuchao@google.com, xuchao@silkubi.fra.corp.google.com, ygg@google.com, yjhong@google.com, zihongz@google.com"
GRADIANT,1,dconstenla@gradiant.org
HarmonyCloud,1,chenjg@harmonycloud.cn
Heptio,2,"ninkendo@gmail.com, timothysc@gmail.com"
Hitachi Data Systems,1,mitsuhiro.tanino@hds.com
HP,3,"joseph.lanoux@hpe.com, kokhang@gmail.com, tpot@hpe.com"
Huawei,8,"1004815462@qq.com, davanum@gmail.com, dhilip.kumar.s@huawei.com, irfan.rehman@huawei.com, quinton.hoole@huawei.com, shashidhara.td@huawei.com, wangzefeng@huawei.com, zhongcheng2@huawei.com"
Hyper.sh,2,"feiskyer@gmail.com, harryz@hyper.sh"
IBM,14,"a10gupta@linux.vnet.ibm.com, chupman@us.ibm.com, cmluciano@us.ibm.com, gyliu513@gmail.com, klaus1982.cn@gmail.com, liamwhite@uk.ibm.com, madaxa@cn.ibm.com, mbauer@us.ibm.com, mkumatag@in.ibm.com, qiujian@cn.ibm.com, seharris@us.ibm.com, spzala@us.ibm.com, vaibhavs@us.ibm.com, xingzhou@cn.ibm.com"
IEEE Computer Society,1,jeffschroeder@computer.org
Igneous Systems,1,andrewpilloud@igneoussystems.com
indiehosters,1,pierre@ozoux.net
Infoblox,1,yong.tang.github@outlook.com
Inovex,1,joh.scheuer@gmail.com
Intel,2,"stanislaw.szydlo@intel.com, vivekbhat@live.com"
Inuits,1,roidelapluie@inuits.eu
IT Svit,1,kb@itsvit.org
Jd.Com,2,"ailusazh@126.com, lvjiangzhao@jd.com"
jobandtalent,1,agonzalezro@gmail.com
JPMorgan Chase,1,michael.fraenkel@gmail.com
Juju Ecosystem,1,mbruzek@gmail.com
Kelowna,1,admin@toph.ca
ksyun,1,geekard@qq.com
Loodse,2,"luk.burchard@gmail.com, sebastian@loodse.com"
Luminis,1,marc.sluiter@luminis.eu
MediaMath,1,yencheng.chou@gmail.com
microcloud,1,public@omeid.me
Microsoft,8,"adam@reese.io, bburns@google.com, bburns@microsoft.com, cole.mickens@gmail.com, cosmc@microsoft.com, doliu@microsoft.com, jack.francis@microsoft.com, jiangtianli@hotmail.com"
minio,1,nitisht@users.noreply.github.com
Mirantis,6,"davanum@gmail.com, ishvedunov@mirantis.com, lukaszoles@gmail.com, psiwczak@mirantis.com, pskamruk@mirantis.com, yashulyak@gmail.com"
Movable Ink,1,matthew.potter@uswitch.com
Net EASE 网易有态度,2,"coolhzb@163.com, dong008259@163.com"
Nirmata,1,prateekgogia@hotmail.com
Nordstrom,2,"andrew.oneill@nordstrom.com, dhawal55@gmail.com"
NotFound,7,"1585370057@qq.com, 837829664@qq.com, cjr@cruwe.de, dima.shmakov87@gmail.com, max@kutsevol.com, weiwei.inf@gmail.com, ypwebstuff@gmail.com"
Ocado,1,stuart.warren@ocado.com
ocadotechnology,1,mike@mikebryant.me.uk
Oracle,1,horwitzja@gmail.com
Pardot,1,andy@lindeman.io
Portworx,1,harsh@portworx.com
Primeton,1,licl@primeton.com
Q42,1,sanderp@q42.nl
QIANKUN,1,kmter@live.com
Rackspace,2,"everett.toews@rackspace.com, jamie.hannaford@rackspace.com"
Rancher,2,"sid@rancher.com, sidharthamn@gmail.com"
Red Hat,46,"agoldste@redhat.com, ancosen@gmail.com, avagarwa@redhat.com, bchilds@redhat.com, ccoleman@redhat.com, danw@redhat.com, dcbw@redhat.com, deads@redhat.com, decarr@redhat.com, eparis@redhat.com, fabiand@fedoraproject.org, ffranz@redhat.com, gethemant@gmail.com, haowang@redhat.com, hchen@redhat.com, hchiramm@redhat.com, hekumar@redhat.com, jcope@redhat.com, jeff.h.vance@gmail.com, jforrest@redhat.com, jliggitt@redhat.com, jpeeler@redhat.com, jsafrane@redhat.com, jvallejo@redhat.com, jvance@redhat.com, lxia@redhat.com, marun@redhat.com, maszulik@redhat.com, mawong@redhat.com, mkargaki@redhat.com, mkhan@redhat.com, ppospisi@redhat.com, ravisantoshgudimetla@gmail.com, rmohr@redhat.com, runcom@redhat.com, screeley@redhat.com, sdw35@cornell.edu, shiyang.wang@outlook.com, shiywang@redhat.com, sjenning@redhat.com, sross@redhat.com, stefan.schimanski@gmail.com, tnozicka@gmail.com, tsmetana@redhat.com, vsemushi@redhat.com, xychu2008@gmail.com"
RightScale,1,ali.scott@gmail.com
Rook,1,lucas.kaldstrom@hotmail.co.uk
rstorcloud,1,rober.morales@rstor.io
Ruby Together,1,radcliffe.david@gmail.com
SalesForce,2,"ian.chakeres@gmail.com, mayank.kumar@salesforce.com"
Samsung,2,"davidewatson@gmail.com, spiffxp@gmail.com"
Self,20,"21521209@zju.edu.cn, ablock84@gmail.com, andy.xning@gmail.com, artmr@lsd.ufcg.edu.br, christiankoep@gmail.com, crazykev@zju.edu.cn, henrik@henrik-schmidt.de, henrique@lsd.ufcg.edu.br, jmyue@hotmail.com, lukasz.szaszkiewicz@gmail.com, matthias.greiner@stud.uni-heidelberg.de, nikitaraghunath@gmail.com, rodrigo@sdfg.com.ar, ryeterrell@ryeterrell.net, saksham0808@gmail.com, shaynexwang@gmail.com, stephenhsu90@gmail.com, talk.to.waseem@gmail.com, xlgao@zju.edu.cn, xxiaozhou@gmail.com"
Shopify,1,jonathan@pulsifer.ca
Socrata,1,jaescobar.cell@gmail.com
SoundCloud,1,mr@soundcloud.com
storageos,1,simon.croome@storageos.com
"Styra, Inc.",1,torinsandall@gmail.com
Tata,1,tiwari.nitish@gmail.com
Telemetry.com,1,ivanov.maxim@gmail.com
Tencent,4,"chenchun.feed@gmail.com, garyyu@tencent.com, jungong@tencent.com, moonfang@tencent.com"
Tigera,2,"casey@tigera.io, djosborne10@gmail.com"
TravelSky Technology Limited,1,supermouselyh@hotmail.com
Tyk,1,mvdan@mvdan.cc
Unicredit,1,fabrizio.pandini@gmail.com
Virgo Systems,1,marton.natko@gmail.com
Virtual Instruments,1,jimeng.liu@virtualinstruments.com
VMware,8,"bdontu@vmware.com, bizhao@vmware.com, divyenp@vmware.com, girikuncoro@users.noreply.github.com, gkuncoro@vmware.com, miaol@vmware.com, shivania@vmware.com, sritesh@vmware.com"
Walmart,1,suyogbarve@gmail.com
Wattpad,1,andrew@wattpad.com
Weaveworks,2,"bryan@weave.works, lucas@weave.works"
Zalando,1,m@moscar.net
zlabjp,2,"kazuki.suda@gmail.com, tousami@zlab.co.jp"
ZTE Corporation,15,"cai.yixiang@zte.com.cn, chen.tao3@zte.com.cn, jiang.lingxia@zte.com.cn, li.xiaobing1@zte.com.cn, lin.youchong@zte.com.cn, ouyang.qinhua@zte.com.cn, pu.junqi@zte.com.cn, wang.bin21@zte.com.cn, wei.chuanhui1@zte.com.cn, xu.zhanwei@zte.com.cn, yu.peng36@zte.com.cn, zhang.dongjie@zte.com.cn, zhang.wanmin@zte.com.cn, zhang.xiaoyu33@zte.com.cn, zhao.xiangpeng@zte.com.cn"
亚信科技 AsiaInfo,1,liuxu@asiainfo.com
