from,to
21viacloud,21viacloud
6WIND,6WIND
99cloud,99cloud
A10 Networks,A10 Networks
ACTAR Tech,ACTAR Tech
ADOC International,ADOC International
AFour Technologies,AFour Technologies
ARM,ARM
AT&T,AT&T
Accenture,Accenture
Acelio,Acelio
Akanda,Akanda
Alcatel-Lucent,Alcatel-Lucent
Alchemy Solutions Group,Alchemy Solutions Group
Allegro,Allegro
Altiscale,Altiscale
Alyseo,Alyseo
Amadeus,Amadeus
Ammeon,Ammeon
Ampliphae,Ampliphae
Anchor,Anchor
Ansible,Ansible
Apalia,Apalia
"Apple, Inc.","Apple, Inc."
Apprenda,Apprenda
Aptira,Aptira
Argonne National Laboratory,Argonne National Laboratory
Aricent,Aricent
Arista Networks,Arista Networks
Aruba Networks,Aruba Networks
Askbot,Askbot
Atomia,Atomia
Avaya,Avaya
Avi Networks,Avi Networks
Awcloud,Awcloud
Axway,Axway
B.COM,B.COM
B1 Systems GmbH,B1 Systems GmbH
BBVA,BBVA
BCX,BCX
Bacoosta IT Services,Bacoosta IT Services
Beijing GuoDianTong Network Technology,Beijing GuoDianTong Network Technology
Best Buy,Best Buy
Big Switch Networks,Big Switch Networks
Bit-isle Inc.,Bit-isle Inc.
Bitergia,Bitergia
Blizzard Entertainment,Blizzard Entertainment
Blue Box,Blue Box
Bluehost,Bluehost
Boeing,Boeing
Boston University,Boston University
Bright Computing,Bright Computing
Brinkster,Brinkster
Broadcom,Broadcom
Brocade,Brocade
Bull,Bull SAS
"CDGCC, HUST","CDGCC, HUST"
CERN,CERN
CIeNET Technologies,CIeNET Technologies
CREATE-NET,CREATE-NET
CRS4,CRS4
CSIC,CSIC
Caicloud,Caicloud
Calsoft,Calsoft
Calxeda,Calxeda
Canonical,Canonical
Catalyst IT,Catalyst IT
Central Desktop,Central Desktop
CenturyLink,CenturyLink
CertusNet,CertusNet
Charter,Charter
Chef,Chef
Chelsio Communications,Chelsio
China Cloud,China Cloud
China Mobile,China Mobile
China Railway ITC,China Railway ITC
China UnionPay,China UnionPay
ChinaNetCenter,ChinaNetCenter
Chinac,Chinac
Cisco Systems,Cisco Systems
Citrix,Citrix
Citrix Systems,Citrix
Cloud Foundry,Cloud Foundry
Cloud Technology Partners,Cloud Technology Partners
CloudDC,CloudDC
CloudFounders,CloudFounders
CloudVPS,CloudVPS
Cloudbase Solutions,Cloudbase Solutions
Cloudbau,Cloudbau
Cloudenablers,Cloudenablers
Cloudin,Cloudin
Cloudscaling,Cloudscaling
Cloudwatt,Cloudwatt
Codethink,Codethink
Cognizant,Cognizant
Coho Data,Coho Data
"CollabNet, Inc","CollabNet, Inc"
Colt,Colt
Comcast,Comcast
Coraid,Coraid
CoreOS,CoreOS
Corvisa,Corvisa
Cray,Cray
Cybera,Cybera
Cybercom,Cybercom
DEK Technologies,DEK Technologies
DMM.com Labo,DMM.com Labo
Daikanyama RED,Daikanyama RED
DaoCloud,DaoCloud
Dassault Systèmes,Dassault Systèmes
DataCentred,DataCentred
Debian,Debian
Dell EMC,Dell
Denali Systems,Denali Systems
Deutsche Telekom,Deutsche Telekom
Digital Pacific,Digital Pacific
Digiware,Digiware
Docker,Docker
DreamHost,DreamHost
Dt Dream,Dt Dream
EISOO,EISOO
EPAM Systems,EPAM Systems
Earthlink,Earthlink
EasyStack,EasyStack
Eayun,Eayun
Ellucian,Ellucian
Embrane,Embrane
Endurance Wind Power,Endurance Wind Power
Entry Point Networks,Entry Point Networks
Ericsson,Ericsson
FIT Instituto de Tecnologia,FIT Instituto de Tecnologia
FathomDB,FathomDB
Fermilab,Fermilab
Fiberhome,Fiberhome
Fortinet,Fortinet
Four Loops Solutions,Four Loops Solutions
Freescale,Freescale
Fujitsu,Fujitsu
GPLHost,GPLHost
GRNET,GRNET
GigaSpaces,GigaSpaces
GlobalLogic,GlobalLogic
GoDaddy,GoDaddy
GohighSec,GohighSec
Google,Google
Great Software Laboratory,Great Software Laboratory
Grid Dynamics,Grid Dynamics
Gridcentric,Gridcentric
HCL,HCL
HFBank,HFBank
HP,HP
HPE,HP
Harmonic,Harmonic
HarmonyCloud,HarmonyCloud
Hastexo,Hastexo
Heroku,Heroku
Hitachi,Hitachi
Hortonworks,Hortonworks
Huawei,Huawei
"Hunan University, Institution of Supercomputing and Cloud Computing","Hunan University, Institution of Supercomputing and Cloud Computing"
Huron,Huron
HyperHQ,HyperHQ
Hystax,Hystax
IBM,IBM
ICT,ICT
IGBMC,IGBMC
ISCAS,ISCAS
ISP RAS,ISP RAS
IT Synergy,IT Synergy
Imaginea Technologies Inc.,Imaginea Technologies Inc.
In August,In August
InMon,InMon
Industrial Technology Research Institute,Industrial Technology Research Institute
Infinite,Infinite
Infoblox,Infoblox
Information Sciences Institute,Information Sciences Institute
Infracloud,Infracloud
Ingenious Software Pty Ltd,Ingenious Software Pty Ltd
Inktank,Inktank
Inria,Inria
Inspur,Inspur
Institute for Information Industry,Institute for Information Industry
Instituto de Telecomunicacoes,Instituto de Telecomunicacoes
Intel,Intel
InterhostAS,InterhostAS
Internap,Internap
Internet Solutions,Internet Solutions
Intracom Telecom,Intracom Telecom
Intralinks,Intralinks
IroquoiSystems,IroquoiSystems
Izel Technologies,Izel Technologies
JD.COM,JD.COM
JP Berlin,JP Berlin
Johns Hopkins University Applied Physics Laboratory,Johns Hopkins University Applied Physics Laboratory
Juniper,Juniper
KDDI,KDDI
KIO Networks,KIO Networks
KT Corporation,KT Corporation
Karlstad Universitet,Karlstad Universitet
Kinvolk,CoreOS
Kontron,Kontron
Kungliga Tekniska högskolan,Kungliga Tekniska högskolan
Kylin Cloud,Kylin Cloud
LG CNS,LG CNS
La Honda Research,La Honda Research
Lavabit,Lavabit
Lenovo,Lenovo
Letv Cloud Computing,Letv Cloud Computing
Limilo,Limilo
Linagora,Linagora
Linaro,Linaro
Linux Academy,Linux Academy
Lithium Technologies,Lithium Technologies
Locaweb,Locaweb
M3S,M3S
MIT,MIT
MIT CSAIL,MIT CSAIL
Maginatics,Maginatics
Mail.Ru,Mail.Ru
Managed IT,Managed IT
MapR,MapR
Maplelabs,Maplelabs
Mellanox,Mellanox
Memset,Memset
Metacloud,Metacloud
Metaswitch,Metaswitch
Metsi Technologies,Metsi Technologies
Microsoft,Microsoft
Midokura,Midokura
Mirantis,Mirantis
MomentumSI,MomentumSI
MontaVista Software,MontaVista
NASA,NASA
NAVER,NAVER
NEC,NEC
NTT,NTT
NUST,NUST
NXP,NXP
Nebula,Nebula
NetApp,NetApp
NetEase,NetEase
NetOne Systems,NetOne Systems
Netmarble,Netmarble
Netronome,Netronome
Nexenta,Nexenta
NextGrail,NextGrail
Nimbis Services,Nimbis Services
Nimble Engineering AS,Nimble Engineering AS
Nimble Storage,Nimble Storage
Nimbula,Nimbula
Nine Internet Solutions AG,Nine Internet Solutions AG
Nitrous,Nitrous
Nokia,Nokia
Nuage Networks,Nuage Networks
Numergy,Numergy
OCF plc,OCF plc
OVH,OVH
Objectif Libre,Objectif Libre
One Convergence,One Convergence
Optiflows,Optiflows
Oracle,Oracle
Orange,Orange
Osones,Osones
PLCloud,PLCloud
PLUMgrid,PLUMgrid
Parallels,Parallels
Percona,Percona
Persistent Systems,Persistent Systems
Piston Cloud,Piston Cloud
Pivotal,Pivotal
Platform9,Platform9
PlayHaven,PlayHaven
Pluribus Networks,Pluribus Networks
PoleX,PoleX
Portland State University,Portland State University
PowerTech Information Systems AS,PowerTech Information Systems AS
Project Calico,Project Calico
Pubyun,Pubyun
Puppet Labs,Puppet Labs
Pure Storage,Pure Storage
QIYI,QIYI
Qihoo 360 Technology Co,Qihoo 360 Technology Co
Quanta Research Cambridge,Quanta Research Cambridge
Quobyte Inc.,Quobyte Inc.
Rackspace,Rackspace
Rackware,Rackware
Radisys,Radisys
Radware,Radware
Rakuten,Rakuten
Ravello Systems,Ravello Systems
Red Hat,Red Hat
Redpill Linpro,Redpill Linpro
Reduxio,Reduxio
Reliance,Reliance
Rightscale,Rightscale
Rizumu,Rizumu
SAP,SAP
SG.Cloud,SG.Cloud
SINA,SINA
SK telecom,SK telecom
SUSE,SUSE
Salesforce,SalesForce
Samsung,Samsung
San Diego Supercomputer Center,San Diego Supercomputer Center
SanDisk,SanDisk
Sberbank,Sberbank
Scality,Scality
Seagate,Seagate
Servionica,Servionica
Servosity,Servosity
Seznam.cz,Seznam.cz
Siaras,Siaras
SimpliVity,SimpliVity
Snabb,Snabb
SoftLayer,SoftLayer
SolidFire,SolidFire
Solinea,Solinea
Sonian,Sonian
Sony Mobile Communications,Sony Mobile Communications
Southern Illinois University,Southern Illinois University
Space Telescope Science Institute,Space Telescope Science Institute
Spil Games,Spil Games
StackHPC,StackHPC
StackOps,StackOps
StackStorm,StackStorm
Stackinsider,Stackinsider
Stackmasters,Stackmasters
State Farm Insurance,State Farm Insurance
Stratoscale,Stratoscale
Suranaree University of Technology,Suranaree University of Technology
SwiftStack,SwiftStack
Swisscom,Swisscom
Switch,Switch
Symantec,Symantec
TOKYO SYSTEM HOUSE,TOKYO SYSTEM HOUSE
TUBITAK,TUBITAK
Tail-f,Tail-f
Taobao,Taobao
Tata,Tata
Tegile Systems,Tegile Systems
Telefonica I+D,Telefonica I+D
Tencent,Tencent
Teradata,Teradata
Tesora,Tesora
Thales,Thales
The Apache Software Foundation,Apache
The Guardian,The Guardian
ThoughtWorks,ThoughtWorks
Tieto,Tieto
Tigera,Tigera
Time Warner Cable,Time Warner Cable
Tintri,Tintri
Tunnel Vision Laboratories,Tunnel Vision Laboratories
UKCloud,UKCloud
UMCloud,UMCloud
UPV,UPV
US Navy,US Navy
Ubisoft,Ubisoft
Ultimum Technologies,Ultimum Technologies
UnitedStack,UnitedStack
Universidade Federal de Campina Grande,Universidade Federal de Campina Grande
Universidade Federal de São Carlos,Universidade Federal de São Carlos
University of California Riverside,University of California Riverside
University of Kent,University of Kent
University of Maryland,University of Maryland
University of Melbourne,University of Melbourne
University of Minnesota,University of Minnesota
University of Toronto,University of Toronto
University of Würzburg,University of Würzburg
VA Linux,VA Linux
VCCloud,VCCloud
VCE,VCE
VMTurbo Inc.,VMTurbo Inc.
VMware,VMware
Verilume,Verilume
Veritas,Veritas
Versa Networks,Versa Networks
VexxHost,VexxHost
VirtualBridges,VirtualBridges
Virtualtech,VirtualTech
Virtuozzo,Virtuozzo
Walmart,Walmart
Wanclouds,Wanclouds
Western Digital,Western Digital
Wikimedia Foundation,Wikimedia Foundation
Wind River,Wind River
Wipro,Wipro
Wise2c,Wise2c
Workday,Workday
X-IO Technologies,X-IO Technologies
XSky,XSky
Xerox,Xerox
XiangCloud,XiangCloud
Xlab,Xlab
Yahoo!,Yahoo
Yahoo! JAPAN,Yahoo! JAPAN
Yandex,Yandex
Ysance,Ysance
ZTE Corporation,ZTE Corporation
Zadara Storage,Zadara Storage
Zelin,Zelin
Zetta.IO Technology AS,Zetta.IO Technology AS
Zhejiang University,Zhejiang University
Zinux,Zinux
Zmanda,Zmanda
Zurich University of Applied Sciences,Zurich University of Applied Sciences
cs2c,cs2c
dotCloud,dotCloud
eBay,eBay
evoila,evoila
flonatel,flonatel
iWeb,iWeb
iWebSolutions,iWebSolutions
inesa,inesa
inwinSTACK,inwinSTACK
iomart,iomart
itkey,itkey
myNET,myNET
t2cloud,t2cloud
tcp cloud,tcp cloud
vArmour,vArmour
winhong,winhong
x-ion,x-ion
