21stio <ph.woerdehoff+21st@gmail.com>
7oku <tk@gl-systemhaus.de>
Aabed <ahmad.aabed.m@gmail.com>
Aaron Rice <cube@sneakybox.com>
Aaron Roydhouse <aaron@roydhouse.com>
Aaron Signorelli <aarons88@gmail.com>
Abhishek <abhishek@linux.com>
Adam Durana <adam@nine.net>
Adam Eivy <atomantic@gmail.com>
Adam H. Leventhal <ahl@transposit.com>
Adam Hawkins <hi@ahawkins.me>
Adam J <jedroadam@gmail.com>
Adam Kaplan <akaplan@findyr.com>
Adam Smith <asmith60@gmail.com>
Adam Stankiewicz <sheerun@sher.pl>
Adam Zell <zellster@gmail.com>
Adi Ofry <adi.ofry@gmail.com>
Adnan Hajdarević <adnanh@gmail.com>
Adrian G Prado <adrian.garciaprado@nrg.com>
Adrian Moisey <adrian@changeover.za.net>
Adrian Ursu <development@advance-leap.com>
Age Mooij <age.mooij@gmail.com>
Ahmed Kamal <email.ahmedkamal@googlemail.com>
Ajanthan <balaajanthan@gmail.com>
Akihiro Harai <jharai0815@gmail.com>
Akram Ben Aissi <akram.benaissi@gmail.com>
Alan Jones <watercraftsoftware@gmail.com>
Albert Vaca <albertvaka@gmail.com>
Albert Zhang <zhgwenming@gmail.com>
Aleks Saul <aleks.saul@gmail.com>
Aleksandrs <zigansins@gmail.com>
Ales Nosek <ales.nosek@gmail.com>
Alex Chesser <alex.chesser@gmail.com>
Alex Egg <eggie5@gmail.com>
Alex Mavrogiannis <nalfemp@gmail.com>
Alex Peters <alpe@users.noreply.github.com>
Alex Plugaru <xarg@users.noreply.github.com>
Alex Schultz <aschultz@next-development.com>
Alexander <alex2789@gmail.com>
Alexander Brand <alexbrand09@gmail.com>
Alexander D. Kanevskiy <kad@kad.name>
Alexander Ilyin <alexanderilyin@users.noreply.github.com>
Alexander Vlasov <avlasov@sugarcrm.com>
Alexandros Giouzenis <alexandrosg@gmail.com>
AlginMaduro <alginmaduro@users.noreply.github.com>
Alistair Scott <ali.scott@gmail.com>
Allan Caffee <allan.caffee@gmail.com>
Allan Lei <allanlei@helveticode.com>
Allison Reinheimer Moore <allison@mistressofinformation.com>
Almog Baku <almogbaku@rimoto.com>
AlmogBaku <almog.baku@gmail.com>
Alvaro [Andor] <andor@pierdelacabeza.com>
Aly Fulton <sinthetix@users.noreply.github.com>
Amanda Cameron <git@amanda.darkdna.net>
Amit Kumar Prasad <amitbitcse@gmail.com>
Amy Unruh <amy@infosleuth.net>
Anandkumar Patel <anand@runnable.com>
Andrea Cosentino <ancosen@gmail.com>
Andrea Melloncelli <andrea.melloncelli@gmail.com>
Andrea Tosatto <andrea.tosy@gmail.com>
Andreas Kohn <andreas.kohn@gmail.com>
Andrei Burd <burdandrei@users.noreply.github.com>
Andrei Kopats <andrei.kopats@gmail.com>
Andres Villarroel <andres.via@gmail.com>
Andrew Basson <andrew.basson@gmail.com>
Andrew Holland <aholland@a1dutch.co.uk>
Andrew Lee Rubinger <alr@alrubinger.com>
Andrew M Bursavich <abursavich@gmail.com>
Andrew Martin <sublimino@gmail.com>
Andrew Morgan <andrewjamesmorgan@gmail.com>
Andrew O'Neill <andrew.oneill@nordstrom.com>
Andrew Reed <andrew@areed.io>
Andrew Rynhard <andrew@andrewrynhard.com>
Andrew Seidl <dev@aas.io>
Andrew Seigner <andrew@sig.gy>
Andrew Shu <talklittle@gmail.com>
Andrew T. Baker <abaker@twilio.com>
Andrew Williams <awilliams@intoxitrack.net>
Andrey <andrey.chernishov@gmail.com>
Andrés Bono <andresbonojimenez@gmail.com>
Andy Lindeman <andy@operable.io>
Andy Spohn <andy@andyspohn.com>
Aneesh Kumar <aneesh.e@imaginea.com>
Anhad Jai Singh <ffledgling@gmail.com>
Anita Buehrle <abuehrle@users.noreply.github.com>
Ankur Shukla <ankurshukla@users.noreply.github.com>
Anthony Elizondo <anthony.elizondo@gmail.com>
Antmanler <antmanler@gmail.com>
Antoine Carton <carton.antoine@gmail.com>
Antoine Cotten <tonio.cotten@gmail.com>
Anton Galitsyn <anton.galitsyn@gmail.com>
Anton Klautsan <dukexar@gmail.com>
Antti Ahti <antti.ahti@gmail.com>
Anurag Goel <_@anur.ag>
Arano-kai <captcha.is.evil@gmail.com>
Arjan Schaaf <arjan.schaaf@luminis.eu>
Arkadi Shishlov <arkadi.shishlov@gmail.com>
Arnaldo de Moraes Pereira <arnaldo@luizalabs.com>
Arnd Hannemann <arnd.hannemann@credativ.de>
Artem Vysotsky <artem.vysotsky@gmail.com>
Arthur Le Maitre <arthurlm44@gmail.com>
Ash Berlin <ash_github@firemirror.com>
Ash Wu <hsatac@gmail.com>
Ashley Penney <apenney@gmail.com>
Ashley Reese <ashley@victorianfox.com>
Ashwin Raveendran <ashw7n@gmail.com>
Aslak Knutsen <aslak@4fs.no>
Austin Moore <austin.moore@teamaol.com>
Avinash Sridharan <avinash.sridharan@gmail.com>
BUSSY Jean-Daniel <silversurfer972@gmail.com>
Babajide Fowotade <jide.b.tade@gmail.com>
Bartosz Ptaszynski <foobarto@gmail.com>
Batikan Urcan <batikanu@yahoo.com>
Bayu Aldi Yansyah <bayualdiyansyah@gmail.com>
Ben Barclay <benbarclay@gmail.com>
Ben Corlett <ben.corlett@gmail.com>
Ben Dang <me@bdang.it>
Ben Harris <mail@bharr.is>
Ben Hosmer <ben.hosmer@gmail.com>
Ben Mathews <ben@mathews2000.com>
Ben Sully <ben.sully88@gmail.com>
Benjamin Sonntag <benjamin@sonntag.fr>
Bharath Thiruveedula <bharath_ves@hotmail.com>
Bill <photo.allen@gmail.com>
Bin Wang <wbin00@gmail.com>
Bingo Huang <770581715@qq.com>
Bitnami Bot <containers-bot@bitnami.com>
Bjarke Vad Andersen <bjarke.vad90@gmail.com>
Blaž Hrastnik <blaz.hrast@gmail.com>
Boaz Shuster <ripcurld.github@gmail.com>
Bob <bvandenheuvel@schubergphilis.com>
Bob Wise <bob@bobsplanet.com>
Bogdan Dobrelya <bogdando@mail.ru>
Boris Mattijssen <borismattijssen@gmail.com>
Bouke van der Bijl <boukevanderbijl@gmail.com>
Brad Bowman <beeradb@gmail.com>
Bradley <bwilsonhunt@gmail.com>
Brandon B. Jozsa <bjozsa@jinkit.com>
Brandon Cole <brandon.w.cole@gmail.com>
Brandon DuRette <brandon.durette@wpengine.com>
Brandon L. Gauthier <brandon.l.gauthier@gmail.com>
Brandon Philips <brandon@ifup.org>
Brent Dorsey <bdorsey@homeaway.com>
Brian <fibonacci1729@users.noreply.github.com>
Brian 'Redbeard' Harrington <redbeard@dead-city.org>
Brian Browning <bwbrowning@gmail.com>
Brian Fallik <bfallik@gmail.com>
Brian Hardock <hardock@eng001585.local>
Brian Ketelsen <bketelsen@gmail.com>
Bruno <bcorijn@users.noreply.github.com>
Bruno Vernay <brunovern.a@gmail.com>
Bryan Becker <mrbryanbecker@gmail.com>
Bryan Larsen <bryan@larsen.st>
Bryan Stone <aegixx@gmail.com>
Bryan T. Richardson <bryan@activeshadow.com>
Budh Ram Gurung <budhram.gurung01@gmail.com>
CJ Cullen <cjcullen888@gmail.com>
Caleb Gilmour <cgilmour@gmail.com>
CandiceGuo <guoqian@zju.edu.cn>
Canh Ngo <canhnt@gmail.com>
Carl B. beethoven1110@gmail.com <beethoven1110@gmail.com>
Carles Lopez <litus81@gmail.com>
Carlos Souza <carloshrsouza@gmail.com>
Carson A <ca@carsonoid.net>
Carter Morgan <cartermorgan1321+github@gmail.com>
Casey Davenport <caseydavenport@users.noreply.github.com>
Casper CY Chiang <cychiang0823@gmail.com>
Catalin Jora <catalin.jora@container-solutions.com>
Cedric Charly <cedric.charly@gmail.com>
Cedric Hauber <hauber.c@gmail.com>
Cedric Ziel <cedric@cedric-ziel.com>
Cemalettin Koc <cemalettin.koc@gmail.com>
Cezar Sa Espinola <cezarsa@gmail.com>
Chance Zibolski <chance.zibolski@gmail.com>
Charle Demers <charle.demers@gmail.com>
Chen Li <lichen.hangzhou@gmail.com>
Chi Vinh Le <cvl@winged.kiwi>
Chia-liang Kao <clkao@clkao.org>
Chris Batey and James Ravn <christopher.batey@sky.uk>
Chris Crane <03cranec@users.noreply.github.com>
Chris Hager <chris@linuxuser.at>
Chris Jones <chris@cjones.org>
Chris Kim <christopherjkim@gmail.com>
Chris Knowles <c-knowles@users.noreply.github.com>
Chris Machler <chris.machler@evergreenitco.com>
Chris Nesbitt-Smith <chris@cns.me.uk>
Chris Schmich <schmch@gmail.com>
Chris Seto <chriskseto@gmail.com>
Christian Koep <christiankoep@gmail.com>
Christoph Hartmann <chris@lollyrock.com>
Christoph Maser <cmaser@gmx.de>
Christopher Eck <chris@krypton.io>
Christopher J. Ruwe <cjr@cruwe.de>
Christopher Montes <chris@sapho.com>
Christopher Pauley <cmpauley@gmail.com>
Christopher Rigor <crigor@gmail.com>
Chuanjian Wang <me@ckeyer.net>
Chun Chen <chenchun.feed@gmail.com>
Claire Lundeby <clairelundeby@gmail.com>
Clemens Tolboom <clemens@build2be.com>
Clenimar Filemon <clenimar.filemon@gmail.com>
Colton Morris <coltonmorris94@gmail.com>
Connor Doyle <connordoyle@users.noreply.github.com>
Cory Klein <coryfklein@gmail.com>
Craig Bilner <craig.bilner@gmail.com>
Craig Quiter <cquiter@gmail.com>
Craig Sutherland <csutherland@gmail.com>
Craig Willis <craig@craig-willis.co.uk>
Crazykev <crazykev@harmonycloud.cn>
Cristian Todea <ctodea@users.noreply.github.com>
Cynerva <cynerva@gmail.com>
DJ Mountney <david.mountney@twkie.net>
Daisuke Fujita <dtanshi45@gmail.com>
Dale Hamel <dalehamel@users.noreply.github.com>
Damien Leflon <damien.leflon@gmail.com>
Dan Cech <dcech@grafana.com>
Dan Etter <dettervt@gmail.com>
Dan Gillespie <dan@redspread.com>
Dan Mace <ironcladlou@gmail.com>
Dan Osborne <djosborne10@gmail.com>
Dan Romlein <dromlein.apprenda@gmail.com>
Dan Sabath <dsabath@whitepages.com>
Daniel Beruben <daniel.beruben@gmail.com>
Daniel Cohen <dcohen@gatech.edu>
Daniel Heitmann <dictvm@dictvm.org>
Daniel Martins <daniel.tritone@gmail.com>
Daniel Nelson <daniel@dcn.io>
Daniel O'Sullivan <dosullivan@users.noreply.github.com>
Daniel Schonfeld <daniel@schonfeld.org>
Daniel Serodio <dserodio@users.noreply.github.com>
Daniele Santoro <psyacca@gmail.com>
Daniele Testa <daniele.testa@gmail.com>
Danny Davidson <dannydavidson@users.noreply.github.com>
Danny Kulchinsky <danny.kulchinsky@telefonica.com>
Darren Mutz <darren.mutz@appfolio.com>
Dave Parfitt <dparfitt@mozilla.com>
Dave Sewell <snocorp@gmail.com>
David Calavera <david.calavera@gmail.com>
David Eads <deads2k@users.noreply.github.com>
David Gageot <david@gageot.net>
David Kirstein <frozenice@frozenice.de>
David Newswanger <gamma.dave@gmail.com>
David O'Riordan <doriordan@gmail.com>
David Osztertag <devel@oszi.one>
David Pratt <david.pratt@gmail.com>
David Radcliffe <radcliffe.david@gmail.com>
David Siefert <siefert.david@gmail.com>
David Wittman <dave@wittman.xyz>
David Xia <davidxia@users.noreply.github.com>
Denis Andrejew <da.colonel@gmail.com>
Denis Ciccale <dciccale@gmail.com>
Denis Kolodin <deniskolodin@gmail.com>
Dennis Webb <dennis@bluesentryit.com>
Derek Gonyeo <dgonyeo@csh.rit.edu>
Derek Parker <parkerderek86@gmail.com>
Derek Perkins <derek@derekperkins.com>
Di Wu <diwu1989@users.noreply.github.com>
Di Xu <xudifsd@gmail.com>
Dipankar Sarkar <dipankarsarkar@gmail.com>
DjangoPeng <pjt73651@gmail.com>
Dmitry Minkovsky <dminkovsky@gmail.com>
Dmitry Monakhov <dmonakhov@gmail.com>
Dmitry Voytik <voytikd@gmail.com>
Dmitry1987 <dima.shmakov87@gmail.com>
Dogan Narinc and Yoseph Samuel <yoseph.sultan@sky.uk>
Dominic001 <dominicdevos@t-online.de>
Doug Koch <doug@dougkoch.me>
Douglas Gibbons <doug@zenly.co.uk>
Drew Rapenchuk <rapenchukd@gmail.com>
Dusty Mabe <dusty@dustymabe.com>
Dylan Carney <dcarney@gmail.com>
Eamon Taaffe <eamontaaffe@gmail.com>
Ebrahim Byagowi <ebrahim@gnu.org>
Ed Rooth <sym3tri@users.noreply.github.com>
Eden Li <eden.li@gmail.com>
Edouard Kaiser <edouard.kaiser@gmail.com>
Eduardo Baitello <eduardobaitello@gmail.com>
Eduardo Patrocinio <epatro@gmail.com>
Eli Mallon <eli@iame.li>
Elijah C. Voigt <elijahcainemv@gmail.com>
Elijah Caine <voigte@osuosl.org>
Elliot Franford <elliot.franford@gmail.com>
Eric Baum <nanopy@nanopy.com>
Eric Ho <eric.ho@gogotech.hk>
Eric Hole <eric.hole@gmail.com>
Eric Khun <enregistrements@gmail.com>
Erik Bean <erikbean08@gmail.com>
Erik Christensen <christensen.em@gmail.com>
Erik Kuefler <ekuefler@gmail.com>
Erik Nelson <erik@nsk.io>
Erik Stidham <estidham@gmail.com>
Erwin van Eyk <erwin_dso@hotmail.com>
Etienne Lafarge <etienne.lafarge@gmail.com>
Eugene Chow <eugene.chow.ct@gmail.com>
Eugene Pirogov <iamexile@gmail.com>
Evan Flynn <evan.flynn@gmail.com>
Evan Pease <evan.pease@gmail.com>
Evgeniy L <rustyrobot@users.noreply.github.com>
Evgeny Proydakov <lord.tiran@gmail.com>
Eyal Levin <eyalev@gmail.com>
Fabian Deutsch <fabiand@fedoraproject.org>
Fabian Reinartz <fab.reinartz@gmail.com>
Fabio Yeon <fabioy@users.noreply.github.com>
Fabrizio Milo <mistobaan@users.noreply.github.com>
Fan Lin <linfan.china@gmail.com>
Faraaz Khan <faraaz@rationalizeit.us>
Fede Diaz <nordri@gmail.com>
Federico Gimenez <fgimenez@coit.es>
Felipe Cavalcanti <fjfcavalcanti@gmail.com>
Ferdinand Hübner <ferdinand.huebner@gmail.com>
Ferran Rodenas <frodenas@gmail.com>
Feynman Liang <feynman.liang@gmail.com>
Filipe Varela <fcvarela@gmail.com>
Fotios Lindiakos <flindiakos@shutterstock.com>
Fran <fortiz@bitnami.com>
Francesc Rosas <francescrosasbosque@gmail.com>
Francesco Gualazzi <inge4pres@users.noreply.github.com>
Francois-Guillaume Ribreau <github@fgribreau.com>
François Deppierraz <francois-github@ctrlaltdel.ch>
Frederic Branczyk <fbranczyk@gmail.com>
Frode Egeland <egeland@gmail.com>
Gabe Kopley <gabe@philo.com>
Gaoce <gaocegege@hotmail.com>
Gareth Rushgrove <gareth@morethanseven.net>
Gediminas Šedbaras <gediminas.sedbaras@gmail.com>
George Crawford <g.o.crawford@gmail.com>
Geosung Lee <github@arar.io>
Gerd Aschemann <gerd@aschemann.net>
Gergo Huszty <huszty.gergo@digitaltrip.hu>
German <gskgoskk@gmail.com>
Gert Leenders <leenders.gert@gmail.com>
Gigi Sayfan <gigi-s@bigfoot.com>
Giovanni Tirloni <giovanni.tirloni@gmail.com>
Gorka Lerchundi Osa <glertxundi@gmail.com>
Graham Welch <grahamawelch@gmail.com>
Grantseltzer <grantseltzer@gmail.com>
Greenkeeper <support@greenkeeper.io>
Greg Althaus <galthaus@austin.rr.com>
Greg Taylor <gtaylor@users.noreply.github.com>
Gregory Ian <argregoryian@gmail.com>
Guillaume Breton <guillaume@monzo.com>
Guillaume Charhon <guillaume@databerries.com>
Gurucharan Shetty <guru@ovn.org>
Gustavo Carneiro <gjcarneiro@gmail.com>
Gustavo Orozco H <gorozcoh@users.noreply.github.com>
Gytis <gytisgreitai@users.noreply.github.com>
Hakan Baba <hakanbaba83@gmail.com>
Harry Zhang <resouer@gmail.com>
Harsh Choudhary <shry.harsh@gmail.com>
Hector Fernandez <hectorj@gmail.com>
Hemant Kumar <gethemant@gmail.com>
Hendrik Volkmer <hvolkmer@gmail.com>
Henning Jacobs <henning@jacobs1.de>
Henrik Schmidt <henrik@henrik-schmidt.de>
Henrique Truta <henrique@lsd.ufcg.edu.br>
Himanshu Raj <rhim@users.noreply.github.com>
Hiroshi Saito <hiroshi3110@gmail.com>
Hitoshi Mitake <mitake.hitoshi@gmail.com>
Hoat Le <hoatlevan@gmail.com>
Hongchao Deng <hongchaodeng@users.noreply.github.com>
Hougang Liu <liuhgxa@gmail.com>
Hugues Malphettes <hmalphettes@gmail.com>
Hui-Zhi <zhaohuizhi@gmail.com>
Hung Nguyen Viet <hvn@familug.org>
Hunter Nield <hunternield@gmail.com>
Hyunchel Kim <hyunchel@fashionmetric.com>
Iain Cambridge <iain@humblyarrogant.io>
Ian Chakeres <ian.chakeres@gmail.com>
Ian Quick <ian.quick@gmail.com>
Igor Galić <i.galic@brainsware.org>
Ihor Dvoretskyi <ihor@dvoretskyi.com>
Ilya Yakovlev <ihile@users.noreply.github.com>
Ingo Gottwald <in.gottwald@gmail.com>
Ioan <ioanowen@gmail.com>
Ioannis Koutras <ioannis.koutras@gmail.com>
Isaac Hollander McCreery <ihmccreery@users.noreply.github.com>
Itamar Ostricher <itamarost@gmail.com>
Ivan Babrou <ibobrik@gmail.com>
Ivan Ilves <ivan.ilves@gmail.com>
Ivan Mikushin <i.mikushin@gmail.com>
Ivan Pedrazas <ipedrazas@gmail.com>
Ivan Shvedunov <ivan4th@gmail.com>
Jack Greenfield <jackgr@users.noreply.github.com>
Jack Zampolin <jack.zampolin@gmail.com>
Jacob Clark <jacob.jh.clark@googlemail.com>
Jaime Soriano Pastor <jsoriano@tuenti.com>
Jainish Shah <jainishshah@yahoo.com>
Jaipradeesh Janarthanan <jaipradeesh@gmail.com>
Jake <i@am.so-aweso.me>
Jakob Jarosch <foxylion@users.noreply.github.com>
Jakob Karalus <jakob.karalus@gmx.net>
Jakub Gocławski <gocek13@gmail.com>
James DeFelice <james.defelice@ishisystems.com>
James Duncan <jamesduncannz@users.noreply.github.com>
James Gregory <james@jagregory.com>
James Ide <ide+github@jameside.com>
James Munnelly <munnerz@users.noreply.github.com>
James Ravn <james.ravn@sky.uk>
James Sherwood-Jones <james.sherwoodjones@gmail.com>
James Strachan <james.strachan@gmail.com>
James Tucker <jftucker@gmail.com>
Jamie Alessio <jamie@stoic.net>
Jan Zerebecki <jan.kubernetes@zerebecki.de>
Janis Meybohm <meybohm@traum-ferienwohnungen.de>
Janos Lenart <janos@lenart.io>
Jared Bischof <jbischof@gmail.com>
Jasmine Hegman <jasmine@jhegman.com>
Jason Ansel <jansel0@gmail.com>
Jason DeWitt <me@roxet.net>
Jason Hansen <jason@slack.io>
Jason Lock <hello@jasonjlock.com>
Jason Murray <jason@loodse.com>
Jason Russell <jasrusable@users.noreply.github.com>
Jason Sommer <jsdirv@gmail.com>
Javier Cuevas <javi@diacode.com>
Jay Lau <jay.lau.513@gmail.com>
Jean de Klerk <jadekler@gmail.com>
Jeff Grafton <ixdy@users.noreply.github.com>
Jeff Kwan <jkwan@vistaprint.com>
Jeff Mendoza <jeffmendoza@users.noreply.github.com>
Jeff Pearce <jxpearce@godaddy.com>
Jeff Regan <jeff.regan@gmail.com>
Jeff Sloyer <jsloyer@gmail.com>
Jeff Zellner <jeffz@eml.cc>
Jeremy Brown <jeremy@tenfourty.com>
Jeremy Wilken <gnomation@gnomeontherun.com>
Jernej Kos <jernej@kos.mx>
Jeroen Visser <jeroenvisser101@users.noreply.github.com>
Jerome Touffe-Blin <jtblin@atlassian.com>
Jesse Dubay <jesse@thefortytwo.net>
Jesse Haka <jesse.haka@elisa.fi>
Jesse Johnston <jjohnston@istreamplanet.com>
Jie Luo <luo612@zju.edu.cn>
Jihoon Chung <j.c@navercorp.com>
Jimmy Jones <jimmyjones2@gmx.co.uk>
Jisoo Park <xxxyel@gmail.com>
Jitendra Bhurat <jbhurat@gmail.com>
Jo Geraerts <jo@umask.net>
Joao Morais <jcmoraisjr@gmail.com>
Jodie Putrino <j.putrino@f5.com>
Joe Rocklin <joe.rocklin@gmail.com>
Joe Wang <joewang@berkeley.edu>
Johanan Lieberman <johanan.lieberman@gmail.com>
Johann Helbling <johann.helbling@dreamit.de>
Johannes <jojow@users.noreply.github.com>
Johannes Würbach <johannes.wuerbach@googlemail.com>
John Belamaric <jbelamaric@infoblox.com>
John Chadwick <johnwchadwick@gmail.com>
John Hofman <johncarlhofman@gmail.com>
John Paul Adrian Glaubitz <glaubitz@physik.fu-berlin.de>
John Torres <enfermo337@yahoo.com>
John Welsh <john.welsh@workday.com>
John Yani <vanuan@gmail.com>
Jon Chiu <jon@jonchiu.com>
Jon Eisen <yanatan16@users.noreply.github.com>
Jon Langemak <jon@interubernet.com>
Jon Whitcraft <jwhitcraft@sugarcrm.com>
Jonas Falck <jonas.falck@gmail.com>
Jonas Kint <kint.jonas@gmail.com>
Jonathan Boulle <jonathanboulle@gmail.com>
Jonathan Cope <copejon@users.noreply.github.com>
Jonathan Kosgei <jonathan@saharacluster.com>
Jonathan Rahn <rahn.jonathan@gmail.com>
Joonathan Mägi <joonathan@gmail.com>
Jordan Liggitt <jordan@liggitt.net>
JorenVDL <vandelaerjoren@gmail.com>
Jorge Arco <jorge.arcoma@gmail.com>
Jorge Bianquetti <jbianquetti-nami@users.noreply.github.com>
Jorge Luis Middleton <jorge.middleton@gmail.com>
Jorge Salamero Sanz <bencer@users.noreply.github.com>
Joseph Crail <jbcrail@gmail.com>
Josh Curl <josh@curl.me>
Josh Mize <jgmize@gmail.com>
Joshua Carp <jm.carp@gmail.com>
Joshua Perry <josh@6bit.com>
Joshua Swaney <joshuaswaney@users.noreply.github.com>
José Armesto <github@armesto.net>
Juan Ariza Toledano <juan_ariza_cordoba@hotmail.com>
Julian V. Modesto <julianvmodesto@gmail.com>
Julien Pivotto <roidelapluie@inuits.eu>
Julien Vey <vey.julien@gmail.com>
Jupp Müller <jupp0r@gmail.com>
Justin Clayton <justinclayton@users.noreply.github.com>
Justin Johnson <justin@balduncle.com>
Justin Nauman <justin.r.nauman+github@gmail.com>
Justin Peterson <jpeterson4223@yahoo.com>
Justin Ryan <justin.ryan@nytimes.com>
Jérémy Wimsingues <jeremy.wimsingues@insa-lyon.fr>
KORNISTE <korniste@kornisteui-macbook-pro.local>
Kai Zhang <zakir.exe@gmail.com>
Kaijun Chen <kaijun@users.noreply.github.com>
Kamal Marhubi <kamal@marhubi.com>
Kami Gerami <kami.gerami@gmail.com>
Karl Herler <hi@karlherler.com>
Karl Isenberg <karlkfi@yahoo.com>
Karol Kraśkiewicz <karol.kraskiewicz@gmail.com>
Kasper Bentsen <kasper@firemango.dk>
Kazuki Suda <ksuda@zlab.co.jp>
Ke Zhang <zhangke909@qq.com>
Keith Mitchell <kemi.krm@gmail.com>
Keith Wansbrough <keithw@lochan.org>
Kelly Campbell <kelly.a.campbell@gmail.com>
Ken Moore <kenmoore@gmail.com>
Ken Simon <ninkendo@gmail.com>
Ken Wronkiewicz <wh-github@wirewd.com>
Kendall Miller <kenm47@users.noreply.github.com>
Kennan <wkq5325@gmail.com>
Kenneth Kalmer <kenneth.kalmer@gmail.com>
Kent Rancourt <krancour@users.noreply.github.com>
Ketan Kulkarni <ketkulka@gmail.com>
Kevin Crawley <kcmastrpc@gmail.com>
Kevin Lyda <kevin@ie.suberic.net>
Kevin Wang <kevin807359@gmail.com>
Keyan Pishdadian <kpishdadian@gmail.com>
Khalid Dermoumi <khaliddermoumi@users.noreply.github.com>
Khoa Le <khoa.le@hrboss.com>
Kieran O'Mahony <kieranom@gmail.com>
Kiichiro Okano <kiichirookano@gmail.com>
Kir Shatrov <kirs@users.noreply.github.com>
Kirill Kolyshkin <kolyshkin@users.noreply.github.com>
Kirill Levin <levin.kirill@gmail.com>
Kjersti Jacobson <kjersti.jacobson@gmail.com>
Kodai Sakabe <cs006061@gmail.com>
Koichi Shiraishi <zchee.io@gmail.com>
Krishnaswamy Subramanian <jskswamy@users.noreply.github.com>
Kristian Klausen <klausenbusk@hotmail.com>
Kubernetes Publisher <k8s-publish-robot@users.noreply.github.com>
Kurt Zhong <kurtzhong520@gmail.com>
Kwok-kuen Cheung <cheungpat@oursky.com>
Kyle Gordon <kyle@lodge.glasgownet.com>
Kyle Guthrie <vt.guthrie@gmail.com>
Kyle Ibrahim <kyle.ibrahim@gmail.com>
Kyle Kurtz <kjkurtz@gmail.com>
Kyle Umstatter <blackstar257@users.noreply.github.com>
Lachlan Evenson <lachie83@users.noreply.github.com>
Ladicle <ladiclexxx@gmail.com>
Lambert Sun (RD-CN) <lambert_sun@trendmicro.com.cn>
Larry Rensing <larry.rensing@gmail.com>
Lars Mogren <lars.mogren@gmail.com>
Lars Sjöström <lars@radicore.se>
Laurent Crisci <laurent.crisci@gmail.com>
Leah Petersen <leahnpetersen@gmail.com>
Leandro Repolho <leandrorepolho@gmail.com>
Lei Xue <carmark.dlut@gmail.com>
Leon Waldman <le.waldman@gmail.com>
Leszek Charkiewicz <leszek@charkiewicz.net>
Lihan Li <lihan.li@hotmail.com>
Liyi Meng <meng.mobile@gmail.com>
Logan Attwood <logan.attwood@gmail.com>
Long Nguyen <long@nomadreact.com>
LouZhengwei <lzw19860818@aliyun.com>
Louis Taylor <louis@kragniz.eu>
Louis-Paul Dareau <github@louis-paul.net>
Lucas Cegatti <lucascegatti@gmail.com>
Lucas Chi <chi.lucas@gmail.com>
Luis Valdes <luischivaldes@gmail.com>
Luit van Drongelen <luitvd@gmail.com>
Luiz Bezerra <luizbafilho@gmail.com>
Luiz Felipe G. Pereira <luiz.felipe.gp@gmail.com>
Lukas Eichler <lukaseichler1@googlemail.com>
Lukasz Zajaczkowski <zreigz@gmail.com>
Luke Faraone <luke@faraone.cc>
Luke Kysow <lkysow@gmail.com>
Luke Mallon <luke@mallon.io>
Luke Nickerson <luke.nickerson@gmail.com>
Lv Lv <github@lvlv.email>
Maarten Hoogendoorn <maarten@moretea.nl>
Maciej Chmielarski <m.chmielarski@gmail.com>
Maciej Strzelecki <maciej.strzelecki@gmail.com>
Madis Nõmme <madis.nomme@gmail.com>
Malet <michael@nervd.com>
Marc Boorshtein <marc.boorshtein@tremolosecurity.com>
Marc CARRE <carre.marc@gmail.com>
Marc Cyprien <marc.cyprien@esigetel.net>
Marc Lough <marc@ahead4.com>
Marc Sluiter <marc@slintes.net>
Marc Tamsky <tamsky@users.noreply.github.com>
Marc Tremblay <marcandre.tr@gmail.com>
Marc Villacorta <marc.villacorta@gmail.com>
Marcel Corso <marcel@messagebird.com>
Marcel Hauf <mail@marcelhauf.name>
Marcel Klemenz <maklemenz@googlemail.com>
Marcelo Costa <maugusto@ciandt.com>
Marcin Maciaszczyk <maciaszczykm@users.noreply.github.com>
Marcio Puga <marciopuga@gmail.com>
Marco Lamina <mlamina09@gmail.com>
Marcos Bjørkelund <marcosbc@users.noreply.github.com>
Marian Steinbach <marian@giantswarm.io>
Mario Lamontagne <mario54@users.noreply.github.com>
Mark Cola <m.cola@tlrg.com.au>
Mark Joseph Ronquillo <markronquillo23@gmail.com>
Mark Nuttall <mpnuttall@gmail.com>
Mark S. Petrovic <mspetrovic@gmail.com>
Mark deVilliers <markdevilliers@gmail.com>
Marko Bonaći <mbonaci@users.noreply.github.com>
Martially <21651061@zju.edu.cn>
Martijn van Iersel <martijni@topdesk.com>
Martin Gannholm <martin@way2clever.com>
Martin Linkhorst <linki@users.noreply.github.com>
Martin Nagy <nagy.martin@gmail.com>
Martin Rauscher <hades32@gmail.com>
Martin Stiborsky <martin.stiborsky@gmail.com>
Martin Westergaard Lassen <martin@mwl.dk>
Martino Visintin <vise890@gmail.com>
Mateusz <mateuszg@gmail.com>
Mathieu Velten <matmaul@gmail.com>
Matjaz Pancur <matjaz.pancur@gmail.com>
Matt Baldwin <baldwin@stackpointcloud.com>
Matt Butcher <technosophos@gmail.com>
Matt Condon <mattgcondon@gmail.com>
Matt Dainty <matt@bodgit-n-scarper.com>
Matt Doran <mattdoran76@gmail.com>
Matt Fischer <matt@mattfischer.com>
Matt Hughes <hughes.matt@gmail.com>
Matt Liggett <mml@users.noreply.github.com>
Matt McCoy <mattnenterprise@yahoo.com>
Matt Nickles <matt@elasticbox.com>
Matt Rickard <m@rickard.email>
Matt Sanford <matt@mzsanford.com>
Matt Sherman <matt@stackoverflow.com>
Matt Singletary <matt.singletary@gmail.com>
Matt Tucker <ultimateboy@gmail.com>
Matthew Hooker <mwhooker@gmail.com>
Matthew L Daniel <md@stoi.cc>
Matthew Mihok <4d.69.68.6f.6b@gmail.com>
Matthew Stump <mrevilgnome@gmail.com>
Matthew Walter <walt@seamlessdocs.com>
Matthew Wong <wongma7@users.noreply.github.com>
Matthias Bertschy <matthias.bertschy@gmail.com>
Matthias Rampke <mr@soundcloud.com>
Matthias Thubauville <matthias.thubo@gmail.com>
Max Lavrenov <max.lavrenov@optiopay.com>
Max Nowack <maxnowack@users.noreply.github.com>
Maxime Vidori <maxime.vidori@container-solutions.com>
Maxwell Forbes <mbforbes@users.noreply.github.com>
Maxym Kutsevol <max@kutsevol.com>
Md. Ashiquzzaman <ashiquzzaman33@users.noreply.github.com>
Mehdi Chamouma <mehdi.chamouma@gmail.com>
Michael Bessolov <mbessolov@users.noreply.github.com>
Michael Burman <yak@iki.fi>
Michael Faille <michael@faille.io>
Michael Goodness <mgoodness@widen.com>
Michael Grosser <development@stp-ip.net>
Michael Hrivnak <mhrivnak@hrivnak.org>
Michael Michael <michmike@users.noreply.github.com>
Michael Morello <michael.morello@gmail.com>
Michael Morrisssey <jersey@gmail.com>
Michael Nelson <absoludity@gmail.com>
Michael Scheetz <michael.a.scheetz@gmail.com>
Michael Wasser <untoldone@users.noreply.github.com>
Michael van Tricht <swordbeta@users.noreply.github.com>
Michal Gebauer <mishak@mishak.net>
Michel Alexandre Salim <michel@traveloka.com>
Michelle <michelle192837@users.noreply.github.com>
Michelle Noorali <michellemolu@gmail.com>
Miciah Masters <miciah.masters@gmail.com>
Miguel Perez <mperez@mediamath.com>
Miguel Ángel Martínez Triviño <migmartri@gmail.com>
Mikael Hammarin <mikael@try2.se>
Mikaël Cluseau <mikael.cluseau@gmail.com>
Mike Dolan <email@michaeldolan.com>
Mike Rostermund <mike@kollegienet.dk>
Mike Schiller <mdschiller@gmail.com>
Mike Splain <mike.splain@gmail.com>
Mike Wilson <knobby@burntsheep.com>
MikeJeffrey <mike.jeffrey@gmail.com>
Mikhail Vasilenko <mvasilenko@gmail.com>
Mikhail Vyatskov <crassirostris@yandex.com>
Mikkel Oscar Lyderik <mikkeloscar@users.noreply.github.com>
Mikolaj Pawlikowski <mikolaj@pawlikowski.pl>
Min Pae <sputnik13@gmail.com>
Mindy Moreland <mindy.moreland@puppetlabs.com>
Misty De Meo <mistydemeo@github.com>
Miyurz <mayur.nagekar@gmail.com>
Mohamed Bassem <medoox240@gmail.com>
Mohamed Shahat <mshahat@computer.org>
Mohammad Khodadadi <mkhir@users.noreply.github.com>
Morten Andersen <m@qse.no>
Morten Lied Johansen <morten.lied.johansen@finn.no>
Morten Rasmussen <morten@mediaflex.dk>
MouseRage <m0userag3@gmail.com>
Muharem Hrnjadovic <arbeit@lbox.cc>
Mulloy Morrow <mulloymorrow@users.noreply.github.com>
Murad Korejo <mkorejo@gmail.com>
Nail Islamov <nislamov@atlassian.com>
Nan Xiao <nan@chinadtrace.org>
Nataliia Uvarova <grafinya.uvarova@gmail.com>
Nathan Quarles <nateq314@gmail.com>
Nic Roland <nicroland9@gmail.com>
Nicholas Anderson <nicholas.anderson@nike.com>
Nicholas Young <nyoung@untilnow.co>
Nick Stott <nick@nickstott.com>
Nick Turner <nturner4@gmail.com>
Nico Rikken <nico@nicorikken.eu>
Nicolae Vartolomei <nvartolomei@gmail.com>
Nicolai von Neudeck <nicolai@vonneudeck.com>
Nicolas Dextraze <nicdex@users.noreply.github.com>
Nicolas Doye <nic@worldofnic.org>
Nicolas Feller <nrkfeller@gmail.com>
Nicolas Lamirault <nicolas.lamirault@gmail.com>
Nikhita Raghunath <nikitaraghunath@gmail.com>
Nilesh Londhe <lvnilesh@users.noreply.github.com>
Nitish Tiwari <nitisht@users.noreply.github.com>
OTSUKA, Yuanying <yuanying@fraction.jp>
Oleg Atamanenko <oatamanenko@eastbanctech.com>
Oleg Shalygin <oshalygin@gmail.com>
Olegs Jeremejevs <olegs@jeremejevs.com>
Oli Lalonde <olalonde@gmail.com>
Omer Zach <omer.zach@gmail.com>
Oskar Pearson <oskar@deckle.co.uk>
Otto Yiu <otto@live.ca>
Owen Barton <github@owenbarton.com>
Oz N Tiram <oz.tiram@mobilityhouse.com>
Pablo Guerrero <pablo.guerrero@gmail.com>
Pallav Agarwal <pallavagarwal07@gmail.com>
Pan Luo <xcompass@gmail.com>
Parth Oberoi <parthoberoi@hotmail.com>
PassionForPie <ben.moss.uk+githubpassionforpie@gmail.com>
Patrick Clinger <pclinger@proboards.com>
Patrick Decat <pdecat@gmail.com>
Patrick Easters <peasters@greenshoot.io>
Patrick Gray <pgray@conductor.com>
Patrick Harböck <patrick.harboeck@tngtech.com>
Patryk Duński <patryk.dunski@kende.pl>
Pau Ruŀlan <prullan@apsl.net>
Paul Bakker <paul.bakker@luminis.eu>
Paul Bourke <brk3@users.noreply.github.com>
Paul Cichonski <paul.cichonski@gmail.com>
Paul Michali <pc@michali.net>
PaulJuliusMartinez <pauljuliusmartinez@gmail.com>
Paulo Bittencourt <paulo@wattpad.com>
Paulo Rafael Feodrippe <pfeodrippe@gmail.com>
Pavel Shevchuk <stlwrt@gmail.com>
Pavel Strashkin <pavel.strashkin@gmail.com>
Paweł Oczadły <paweloczadly@gmail.com>
Pengcheng Tang <tupachydralisk@gmail.com>
Pete Miller <miller.pete@gmail.com>
Pete Wildsmith <pete@dabapps.com>
Peter McDonnell <petermd@gmail.com>
Peter Novotnak <peter@novotnak.net>
Peter Petrov <onestone@gmail.com>
Peter Styk <peter@styk.tv>
Peter Sutherland <pedrosland@gmail.com>
Peter Wilson <pwillie@users.noreply.github.com>
Phanindra Pydisetty <phanindra.nitw@gmail.com>
Pheo <ryan.coates@gmail.com>
Phil Kates <me@philkates.com>
Philip Champon <pchampon@gmail.com>
Philipp T <philippt@users.noreply.github.com>
Phu Kieu <pkieu@jpl.nasa.gov>
Phạm Ngọc Quang Nam <nampnq@gmail.com>
Pieter Lange <pieter@ptlc.nl>
Piotr Bryk <piotrek.bryk@gmail.com>
Piotr Komborski <piotr.komborski@gmail.com>
Piotr Skamruk <piotr.skamruk@gmail.com>
Piyush Madan <madanpiyush@gmail.com>
Pontus Leitzler <leitzler@gmail.com>
Praveen Kumar <kumarpraveen.nitdgp@gmail.com>
Premanand Chandrasekaran <premanandc@gmail.com>
Proydakov Evgeny <e.proydakov@gmail.com>
Przemek Więch <pwiech@gmail.com>
Przemo Nowaczyk <pnowaczyk.mail@gmail.com>
Puja <puja108@gmail.com>
Qinglan Peng <qinglanpeng@zju.edu.cn>
Qiu Yu <qiuyu@ebaysf.com>
Quentin Rousseau <kwentakill@gmail.com>
Rachel Willmer <rachel@willmer.org>
Radamanthus Batnag <radamanthus@gmail.com>
Raees Bhatti <raees.bhatti@gmail.com>
Rafael Chicoli <rafaelchicoli@hotmail.com>
Rafal Gajdulewicz <r.gajdulewicz@gmail.com>
Raffaele Di Fazio <raffo_uppuiu@yahoo.it>
Randy Fay <randy@randyfay.com>
Ray Tsang <saturnism@users.noreply.github.com>
Raúl Naveiras <rnaveiras@gmail.com>
ReSearchITEng <researchiteng@gmail.com>
Reinhard Nägele <unguiculus@gmail.com>
Rene Saenz <rene.saenz@gmail.com>
Ricardo Katz <rikatz@users.noreply.github.com>
Ricardo M. Augusto <rmaugusto@gmail.com>
Ricardo Pchevuzinske Katz <ricardo.katz@serpro.gov.br>
Richard E. Silverman <res@qoxp.net>
Richard Eames <reames@asymmetricventures.com>
Richard Edwards <red@treesandclouds.net>
Richard Shaw <richard@aggress.net>
Rick <rick@beerdrinker.org>
Rimantas Mocevicius <rmocius@gmail.com>
Rimas Mocevicius <rimusz@users.noreply.github.com>
Rio Kierkels <riokierkels@gmail.com>
Rob Franken <rob@rob-franken.nl>
Rob Holland <rob.holland@gmail.com>
Rob Landers <landers.robert@gmail.com>
Rob Paisley <github@rpaisley.com>
Robert Bailey <roberthbailey@users.noreply.github.com>
Robert Deusser <iamthemuffinman@outlook.com>
Robert Jefe Lindstaedt <robert.lindstaedt@gmail.com>
Robert Kozikowski <r.kozikowski@gmail.com>
Robert Kubis <hostirosti@users.noreply.github.com>
Robert Ross <robert@creativequeries.com>
Robert Wehner <rcw@wehnerortega.net>
Robert Wilson <robert.wilson1717@gmail.com>
Roberto J Rojas <robertojrojas@gmail.com>
Roberto Jung Drebes <drebes@gmail.com>
RoelVanNyen <roel.vannyen@virdata.com>
Rohan Sahai <rohan@sah.ai>
Roland Huß <roland@ro14nd.de>
Rollulus <roelboel@xs4all.nl>
Roman Safronov <electroma@gmail.com>
Ronald Petty <ronald.petty@gmail.com>
Ronnie Maor <ronnie.maor@gmail.com>
Rueben Ramirez <ruebenramirez@gmail.com>
Ryan Day <ryanday2@gmail.com>
Ryan Eschinger <ryanesc@gmail.com>
Ryan Fowler <ryan.fowler@singlewire.com>
Ryan Hitchman <hitchmanr@gmail.com>
Ryan L'Italien <ryanlitalien@gmail.com>
Ryan MacLean <ryan@ryanmaclean.com>
Ryan Richard <ryanrichard07@gmail.com>
SRaddict <qishen@zju.edu.cn>
Saksham Sharma <saksham0808@gmail.com>
Sam Stoelinga <sammiestoel@gmail.com>
Sam Vilain <sam@vilain.net>
Sameer Naik <sameer@damagehead.com>
Sami Hiltunen <git@hiltunen.io>
Sami Makki <smakki@altair.com>
Sanjana Joshi Bhat <sanjana.2589@gmail.com>
Santosh Sahoo <santoshsahoo@users.noreply.github.com>
Sarat Kamisetty <saratk@gmail.com>
Sascha Brawer <sascha@brawer.ch>
Sascha Grunert <mail@saschagrunert.de>
Sascha Hanse <shanse@gmail.com>
Scott Fleckenstein <nullstyle@gmail.com>
Scott Konzem <konzems@gmail.com>
Scott Rigby <scottrigby@users.noreply.github.com>
Scott Stensland <scottstensland@gmail.com>
Scott Webber <swebber68@gmail.com>
Sean Borman <github@seanborman.com>
Sean Knox <seanknox@users.noreply.github.com>
Sean O'Keefe <seano314@users.noreply.github.com>
Sean Treadway <sean@soundcloud.com>
Sebastian <scheele.s@web.de>
Sebastian Mandrean <sebastian.mandrean@gmail.com>
Sebastien Coavoux <sebastien.coavoux@nuance.com>
Sebastien LAWNICZAK <sebastien.lawniczak@orange.com>
Seigo Uchida <spesnova@gmail.com>
Sergei Orlov <orlovsergeypost@gmail.com>
Sergej Jevsejev <sjevsejev@gmail.com>
Sergey Melnik <admin.sa@gmail.com>
Sergey Nuzhdin <ipaq.lw@gmail.com>
Sergey Orlov <marrrvin@users.noreply.github.com>
Sergio Ballesteros <snaker@locolandia.net>
Sergio Sisternes <sesispla@outlook.com>
Seth Miller <cr125rider@gmail.com>
Seth Pollack <seth@sethpollack.net>
Sha <wangsha@users.noreply.github.com>
Shai Coleman <git@shaicoleman.com>
Shailesh Pant <shailesh.pant@gmail.com>
Shane Starcher <shanestarcher@gmail.com>
Sharif Nassar <mrwacky42@users.noreply.github.com>
Shaun Parker <shaunrparker@gmail.com>
Shawn McCarthy <shawn.mccarthy3@gmail.com>
Shayne Wang <shaynewang@users.noreply.github.com>
Shekhar <shekhar@venturit.com>
Shichao An <anshichao.cn@gmail.com>
Shimin Guo <smguo2001@gmail.com>
Shiyang Wang <shiyang.wang@outlook.com>
Shuanglei Tao <tsl0922@gmail.com>
Shubham <shubham@linux.com>
Sidharta Seethana <sidharta.apache@gmail.com>
Sidhartha Mani <wlan0@users.noreply.github.com>
Silviu Tantos <me@razius.com>
Simon Rüegg <simon@rueggs.ch>
Simon Wydooghe <simon@wydooghe.com>
Siri <goonohc@gmail.com>
Siva Manivannan <sivabalan.manivannan@gmail.com>
Slawomir Skowron <szibis@gmail.com>
Sn0rt <sn0rt@abc.shop.edu.cn>
Solly Ross <directxman12+github@gmail.com>
Spencer Brown <spencer@spencerbrown.org>
Stan Domula <sdomula@users.noreply.github.com>
Steel Brain <steelbrain@users.noreply.github.com>
Stefan Gangefors <gangefors@users.noreply.github.com>
Stefan Saasen <ssaasen@atlassian.com>
Stefan Sauer <ensonic@hora-obscura.de>
Stefano Vozza <svozza@gmail.com>
Steffen Gebert <st+github@st-g.de>
Steffen Hanikel <steffen.hanikel@gmail.com>
Stephan Wienczny <wienczny@gmail.com>
Stephen Baldwin <stephencharlesb@gmail.com>
Stephen Kriss <stephen.kriss@gmail.com>
Steve Gordon <stephen.a.gordon@gmail.com>
Steve Kuznetsov <steve.kuznetsov@gmail.com>
Steve Milner <stevem@gnulinux.net>
Steve Sloka <steve@stevesloka.com>
Steve Stodola <sstodola@plytro.com>
Steve Wilkerson <wilkers.steve@gmail.com>
Steven Erenst <stevenerenst@gmail.com>
StevenYCChou <yencheng.chou@gmail.com>
Stéphane Klein <contact@stephane-klein.info>
Suhas <suhasanand@users.noreply.github.com>
SukantGujar <sukantgujar@yahoo.com>
Suraj Narwade <surajnarwade353@gmail.com>
Suyog Barve <suyogbarve@gmail.com>
Swapnil Kulkarni <coolsvap@gmail.com>
Sylvain Bellemare <sylvain@ascribe.io>
Sébastien Coavoux <s.coavoux@free.fr>
TRAVIS ALLEN SALAS COX <tcguitar@gmail.com>
Taariq Levack <taariql@gmail.com>
Takeshi Takizawa <takitake.create@gmail.com>
Tamer Tas <tamertas@outlook.com>
Taras <trane9991@gmail.com>
Tarun Chinmai <tchinmai7@gmail.com>
Tatsuhiro Tsujikawa <ttsujika@zlab.co.jp>
Ted Hahn <ted@lifeonair.com>
Telepenin Nikolay <telepenin.nikolay@gmail.com>
TerraTech <service@futurequest.net>
Thejas Krishnan <tjskrishna@gmail.com>
Theotime Leveque <theotime.leveque@dailymotion.com>
Thibault Cohen <thibault.cohen@nuance.com>
Thibault Serot <thibserot@gmail.com>
Thom May <thom_may@external.mckinsey.com>
Thomas Hahn <thahn@tcbtech.com>
Thomas Liu <tyangliu@gmail.com>
Till Backhaus <till@backha.us>
Tim Brockman <timbrockman@users.noreply.github.com>
Tim Van Steenburgh <tvansteenburgh@gmail.com>
Timo Derstappen <teemow@gmail.com>
Timo Reimann <ttr314@googlemail.com>
Tobias Bradtke <webwurst@gmail.com>
Tobias Florek <tob@butter.sh>
Tobias Schottdorf <tobias.schottdorf@gmail.com>
Tolleiv Nietsch <tolleiv.nietsch@aoe.com>
Tom Haddon <tom@haddons.net>
Tom Payne <twpayne@gmail.com>
Tom Wilkie <tomwilkie@users.noreply.github.com>
Tom von Schwerdtner <tomvons@gmail.com>
Tomas Dohnalek <tomas.dohnalek@firma.seznam.cz>
Tomasz Kopczynski <wonsek@gmail.com>
Tomasz Napierala <tomasz@napierala.org>
Tomasz Wojtuń <wojtut01@stepstone.com>
Tommy Murphy <tommy.murphy@gmail.com>
Tong <slowlight@yeah.net>
Tong Damon Da <tongda@outlook.com>
Tony Li <tonyli.lives@gmail.com>
Torin Sandall <torinsandall@gmail.com>
Travis Cline <travis.cline@gmail.com>
Tremaine Eto <tremaineeto@ucla.edu>
Trevor Hartman <trevorhartman@gmail.com>
Trevor Huey <thuey100@gmail.com>
Trey Hyde <rhyde@hydenetworks.com>
Tuan Nguyen <tuannvm@tuannvm.com>
Tupin Laurent <ltupin@users.noreply.github.com>
Valentin Tjoncke <nouney@users.noreply.github.com>
Valentyn Boginskey <vboginskey@gmail.com>
Vallard Benincosa <vallard@benincosa.com>
Vasily Upornikov <vupornikov@gmail.com>
VeraLyu <lvroyce0210@gmail.com>
Veres Lajos <vlajos@gmail.com>
Victor Antonovich <v.antonovich@gmail.com>
Victor Gama <hey@vito.io>
Victor Häggqvist <victor@snilius.com>
Victor Quinn <mail@victorquinn.com>
Victor Unegbu <victor@unegbu.com>
Victoria Domalik <victoria.domalik@gmail.com>
Viet Hung Nguyen <hvnsweeting@gmail.com>
Vikram Tiwari <vikramtheone1@gmail.com>
Vincent Behar <v.behar@free.fr>
Vincent De Smet <vincent.drl@gmail.com>
Vincent Woo <me@vincentwoo.com>
Vincenzo Ferrari <wilk3ert@gmail.com>
Vineet Kumar <vineet@doorstop.net>
Vinit Mahedia <vinit.mahedia@gmail.com>
Vivek Bhat <vivekbhat@live.com>
Vlad <vduda@users.noreply.github.com>
Vladi <emve.dev@yandex.ru>
Vladimir Pouzanov <farcaller@gmail.com>
Vladimir Rutsky <vladimir@rutsky.org>
Vojtech Vitek <vojtech.vitek@gmail.com>
Voyalab LLC <contact@voyalab.com>
Vy-Shane Xie <shane@node.mu>
Vyacheslav Semushin <slava.semushin@gmail.com>
Vít Listík <tivvit@seznam.cz>
Walter Dolce <walterdolce@gmail.com>
Wayne Brantley <wayne@waynebrantley.com>
Wei Ma <wma@thoughtworks.com>
Wei Wei <weiwei.inf@gmail.com>
Wendy Shaffer <wshaffer74@mac.com>
Werner Beroux <werner@beroux.com>
Wesley Hartford <github@cutterslade.ca>
Wiiliam Chang <warmchang@outlook.com>
Will <wtritch@users.noreply.github.com>
Will Farrington <wcfarrington@gmail.com>
Willem Mali <willem.mali@gmail.com>
William Caban <william.caban@savantadvisors.com>
William Denniss <will@icog.net>
William Morgan <wmorgan@users.noreply.github.com>
Xin Zhang <xinzhang1228@gmail.com>
Xinbo Weng <xihuanbo_0521@zju.edu.cn>
Xiuyu Li <nickleefly@gmail.com>
Yamagami-Takuma <yamagami-takuma@users.noreply.github.com>
Yancey1989 <yancey1989@gmail.com>
Yang Meng <yangm3ng@gmail.com>
YaoZengzeng <yaozengzeng@zju.edu.cn>
Yaron Rosenbaum <yaronr@users.noreply.github.com>
Yaroslav Molocko <onorua@gmail.com>
Yaser Alraddadi <gam-phon@users.noreply.github.com>
Yash Parikh <parikh.yash21@gmail.com>
Yasu <mahata777+github@gmail.com>
Ye Yin <eyniy@qq.com>
Yerken <yerken.tussupbekov@zalando.de>
Yicheng Qin <qycqycqycqycqyc@gmail.com>
Yoanis Gil <yoanisgil@users.noreply.github.com>
Yoanis Gil Delgado <gil.yoanis@gmail.com>
Yogendra Rampuria - Yogi <yogendrarampuria@gmail.com>
Yonathan Randolph <yonathan@liftigniter.com>
Yong Tang <yong.tang.github@outlook.com>
Yota Toyama <raviqqe@gmail.com>
Yuri Khrustalev <ykhrustalev@users.noreply.github.com>
Yusuke Kuoka <ykuoka@gmail.com>
Yves Junqueira <yves.junqueira@gmail.com>
Yves Peter <ypwebstuff@gmail.com>
Zachary Adam Kaplan <razic@viralkitty.com>
Zack Gold <zg@users.noreply.github.com>
ZhiFeng Hu <hufeng1987@gmail.com>
Zhomart Mukhamejanov <zhomart@users.noreply.github.com>
ZhuPeng <zhupengbupt@gmail.com>
Zsolt Molnar <ysooolt@gmail.com>
a-mccarthy <a-mccarthy@users.noreply.github.com>
aaronxu <xuliker@zju.edu.cn>
adieu <adieu@adieu.me>
ahawtho <ahawtho@users.noreply.github.com>
ailusazh <ailusazh@126.com>
akramer <adam@the-kramers.net>
albatross0 <albatross0@gmail.com>
allenmiller <allenmiller@users.noreply.github.com>
anbern <banzeletti@gmx.at>
andrew-j-price <andrew.j.price@gmail.com>
andy xie <andy.xning@gmail.com>
aniket-contrail <aniket.contrail@gmail.com>
anishkny <anishkny@gmail.com>
anzhsoft <anzhsoft@gmail.com>
astropuffin <j2@dronedeploy.com>
azakrzewski <adzakrzew@gmail.com>
bdevloed <boris.de.vloed@gmail.com>
blackbird29 <robin.kurz@student.reutlingen-university.de>
blankenhaus <matthias@hoopla.net>
bluebreezecf <bluebreezecf@gmail.com>
bobsky <bobsky@users.noreply.github.com>
brendandburns <brendandburns@users.noreply.github.com>
bulletRush <867919864@qq.com>
bzub <bzub@users.noreply.github.com>
caesarxuchao <caesarxuchao@gmail.com>
callermann <callermann@gmail.com>
cephaslr <cephaslr@yahoo.com>
chrismarino <chrismarino@users.noreply.github.com>
ckleban <ckleban@gmail.com>
codejuan <xh@decbug.com>
codemonkey77 <arb77@hotmail.com>
colhom <colhom@gmail.com>
colmm99 <colmomonks@gmail.com>
combk8s <combcloud@gmail.com>
craigbox <craig.box@gmail.com>
craigmonson <craig@malachiarts.com>
cwitte4191 <cwitte@xmlhq.com>
dalanlan <dalanlan925@gmail.com>
davidbhlm-github <davidbhlm@gmail.com>
davidwalter0 <walter.david@gmail.com>
dbaumgarten <incognym@googlemail.com>
desert-orchid <desert-orchid@users.noreply.github.com>
dhilipsiva <dhilipsiva@gmail.com>
djosborne <djosborne@users.noreply.github.com>
dongziming <dongziming@zju.edu.cn>
dutianpeng <leave24534@gmail.com>
eddiesimeon <ej.simeon@gmail.com>
elipapa <elipapa@users.noreply.github.com>
emerlinsky <emerlinsky@gmail.com>
erikus <erik@kupoday.net>
euan-am <euan-am@users.noreply.github.com>
faascape <xm@faascape.com>
fabriziopandini <fabrizio.pandini@gmail.com>
fangyuhao [方宇浩] <fangyuhao@gmail.com>
fen4o <martinvladev@gmail.com>
gadaigadai <zhanglingwei@jd.com>
garyyu(于广游) <garyyu@tencent.com>
gavinB-orange <gavin.brebner@orange.fr>
gbzhu <gbzhu@zju.edu.cn>
geraldinewhitt <gwhitt@pacbell.net>
gleamglom <gleamglom@gmail.com>
goltermann <goltermann@users.noreply.github.com>
golvteppe <bjoern.erik.strand@gmail.com>
gregoplex <gregoplex@gmail.com>
guohaifang <guohaifang@zju.edu.cn>
hallucynogenyc <hallucynogenyc@gmail.com>
haoyuan <harryge00@gmail.com>
hardy.jung <arisu1000@gmail.com>
hasahni <hasahni@users.noreply.github.com>
hellwen <hellwen.wu@gmail.com>
huikang <hkang.sunysb@gmail.com>
iT2afL0rd <qsunme@gmail.com>
iantw89 <iantw89@gmail.com>
icereval <icereval@gmail.com>
ikropotov <ranma.go@gmail.com>
invenfantasy <caogaojin.nk@gmail.com>
isa-bel <isa-bel@users.noreply.github.com>
isavin <comp_@gmx.net>
isubuz <isubuz.g@gmail.com>
itayariel <itayrel@gmail.com>
jatins <shridhar.jatin@gmail.com>
jdrios <jdrios@bitnami.com>
jdumars <jdumars@gmail.com>
jg Chen <21521209@zju.edu.cn>
jhadvig <j.hadvig@gmail.com>
jianhuiz <jianhui@outlook.com>
jjy <jjyruby@gmail.com>
jkaplowitz <jkaplowitz@users.noreply.github.com>
jorenhehe <1585370057@qq.com>
jose5918 <jose5918@gmail.com>
joshrosso <joshrosso@gmail.com>
jotadrilo <jotadrilo@users.noreply.github.com>
jseldess <jesse@cockroachlabs.com>
jumpkick <ironstorm@gmail.com>
jzhoucliqr <jzhou@cliqr.com>
kabakaev <kabakaev@gmail.com>
kargakis <michaliskargakis@gmail.com>
kcluster <iokcluster@gmail.com>
kevinll <imhael@gmail.com>
kfox1111 <kevin.fox@pnnl.gov>
khalpin11 <khalpin11@gmail.com>
king-julien <king-julien@users.noreply.github.com>
king6cong <king6cong@gmail.com>
laushinka <laurie.malau@gmail.com>
leonliao <xiaobo.liao@gmail.com>
liangxiaoping <shapeliang@gmail.com>
litian54 <tianli8954@gmail.com>
liujunhui74 <liujunhui@gmail.com>
liwenqi <vikilwq@zju.edu.cn>
liyao <maxwell92@126.com>
lparam <lparam@users.noreply.github.com>
lucianomores <luciano.mores@softplan.com.br>
luks <luksvs@gmail.com>
lvjiangzhao <lvjiangzhao@jd.com>
mark007 <mark007@gmail.com>
masstomato <masstomato@users.noreply.github.com>
mazswojejzony <mazswojejzony@users.noreply.github.com>
mcorbin <corbin.math@gmail.com>
mehdy <mehdy@users.noreply.github.com>
mgannholm <mgannholm@users.noreply.github.com>
mhzed <minhongz@gmail.com>
mlmhl <409107750@qq.com>
mmdriley <mdriley@gmail.com>
moonfang(房孝敬) <moonfang@tencent.com>
mrmm <mr.maatoug@gmail.com>
mscherer <misc@zarb.org>
mshenhera <mshenhera@users.noreply.github.com>
mtanino <mitsuhiro.tanino@hds.com>
nerdondon <willdon@nerdondon.com>
ngtuna <ng.tuna@gmail.com>
oilbeater <liumengxinfly@gmail.com>
oleksii khliupin <oleksii.khliupin@nytimes.com>
opsnull <geekard@qq.com>
orangain <orangain@gmail.com>
osxi <osxi@users.noreply.github.com>
petergardfjall <peter.gardfjall.work@gmail.com>
purificant <purificant@users.noreply.github.com>
rakesh kumar <rakeshks@gmail.com>
razr <razr.china@gmail.com>
remoe <remo.eichenberger@gmail.com>
rmehra <javishi@gmail.com>
rob boll <robertcboll@gmail.com>
roopakparikh <rparikh@platform9.net>
root <root@fox.dumbain.net>
rubik <merlin83@users.noreply.github.com>
ryan jarvinen <ryan.jarvinen@gmail.com>
s0rc3r3r01 <s0rc3r3r01@users.noreply.github.com>
sadlil <sadlil.rhythm@gmail.com>
samiam <samnap+github@gmail.com>
samjeyam <sam.jeyam@gmail.com>
sandeepveldi <sandeepveldi@users.noreply.github.com>
seanturner83 <seanturner83@gmail.com>
seperry53test <seperry53test@gmail.com>
shawyeok <kmter@live.com>
shijunqian <qsj.daniel@gmail.com>
sondabar <lars@cormann.biz>
spiddy <spiddy@users.noreply.github.com>
steveperry-53 <seperry53@gmail.com>
stkevintan <stkevintan@zju.edu.cn>
stresler <stresler@users.noreply.github.com>
tailnode <tailnode@gmail.com>
talset <talset55@gmail.com>
tamal <tamal@appscode.com>
tamnd <tamnd87@gmail.com>
thaerlo <alfredo.espejel.corvera@gmail.com>
theairkit <theairkit@gmail.com>
thebigjc <thebigjc@gmail.com>
thecanadianbaker <jason@murrayinfotech.com>
thecantero <thecantero@users.noreply.github.com>
tim-zju <21651152@zju.edu.cn>
timcrall <timcrall@gmail.com>
tktk <tktk.stereoman@gmail.com>
tobad357 <tobias.adamson@gmail.com>
tobilarscheid <tobilarscheid@gmail.com>
tolleiv <github@tolleiv.de>
tompizmor <tompizmor@users.noreply.github.com>
trishnaguha <trishnaguha17@gmail.com>
twmartin <ty.w.martin@gmail.com>
tyranron <tyranron@gmail.com>
umiyosh <yumino99@gmail.com>
unisisdev <contacto@unisis.com.ar>
vishah <vishah@blackrock.com>
vorlonofportland <vorlon@debian.org>
wtritch <wtritchler@fairwaytech.com>
wujun8 <wujun8@hotmail.com>
wulonghui <wlh6666@qq.com>
xu fei <1004815462@qq.com>
xuxinkun <xuxinkun@gmail.com>
yanan Lee <energylyn@zju.edu.cn>
yancl <kmoving@gmail.com>
yaxinlx <liuxu@asiainfo.com>
yeasy <yangbaohua@gmail.com>
yuqi huang <huangyuqi@users.noreply.github.com>
zanhsieh <zanhsieh@gmail.com>
ziyadbasheer <ziyadbasheer213@gmail.com>
zoues <zounengren@cmss.chinamobile.com>
Øyvind Ingebrigtsen Øvergaard <oyvind.overgaard@gmail.com>
唐飞雄 (twitter: @tangfx) <tangfx128@gmail.com>
