"Name","Email","Affliation","Date","Added","Removed","Changesets"
"Davanum Srinivas","dims@linux.vnet.ibm.com","IBM","2016-12-01",14,14,2
"Akihiro Suda","suda.akihiro@lab.ntt.co.jp","NTT","2017-02-01",17041,19056,15
"Ma Shimiao","mashimiao.fnst@cn.fujitsu.com","Fujitsu","2017-01-01",18,2,2
"Derek McGowan","derek@mcgstyle.net","derek@mcgstyle.net","2017-02-01",3872,1148,45
"Gianluca Arbezzano","gianarb92@gmail.com","gianarb92@gmail.com","2017-01-01",2,0,2
"Lei Jitang","leijitang@huawei.com","Huawei","2017-01-01",2,2,2
"Michael Crosby","crosbymichael@gmail.com","crosbymichael@gmail.com","2017-01-01",16922,4163,156
"Mike Brown","brownwm@us.ibm.com","IBM","2017-02-01",2,2,2
"Stephen J Day","stephen.day@docker.com","stephen.day@docker.com","2017-02-01",15004,6534,57
"Qiang Huang","h.huangqiang@huawei.com","Huawei","2017-03-01",562,0,2
"Kunal Kushwaha","kushwaha_kunal_v7@lab.ntt.co.jp","NTT","2017-03-01",128,2,2
"Samuel Karp","skarp@amazon.com","skarp@amazon.com","2017-01-01",165,62,7
"Vladimir Stefanovic","vladimir.stefanovic@imgtec.com","vladimir.stefanovic@imgtec.com","2017-02-01",2,2,1
"Evan Hazlett","ejhazlett@gmail.com","ejhazlett@gmail.com","2017-01-01",32,30,1
"Ian Campbell","ian.campbell@docker.com","ian.campbell@docker.com","2017-03-01",116,104,5
"chchliang","chen.chuanliang@zte.com.cn","ZTE Corporation","2017-03-01",6,0,2
"Daniel, Dao Quang Minh","dqminh89@gmail.com","dqminh89@gmail.com","2017-02-01",0,0,8
"Stephen Day","stevvooe@users.noreply.github.com","stevvooe@users.noreply.github.com","2017-03-01",0,0,4
"Ivan Kiselev","i.kiselev@2gis.ru","i.kiselev@2gis.ru","2017-01-01",10,10,2
"Gábor Lipták","gliptak@gmail.com","gliptak@gmail.com","2017-01-01",64,66,5
"Antonio Murdaca","runcom@redhat.com","Red Hat","2016-12-01",30,27,9
"Kenfe-Mickaël Laventure","mickael.laventure@gmail.com","mickael.laventure@gmail.com","2016-12-01",266,120,14
"sakeven","jc5930@sina.cn","jc5930@sina.cn","2017-02-01",4,4,2
"fate-grand-order","chenjg@harmonycloud.cn","HarmonyCloud","2017-02-01",52,50,10
"Stephen Day","stevvooe@users.noreply.github.com","stevvooe@users.noreply.github.com","2017-01-01",0,0,29
"Ian Campbell","ian.campbell@docker.com","ian.campbell@docker.com","2017-02-01",584,114,4
"Phil Estes","estesp@gmail.com","estesp@gmail.com","2017-03-01",0,0,8
"Kenfe-Mickaël Laventure","mickael.laventure@gmail.com","mickael.laventure@gmail.com","2017-02-01",3386,3140,18
"Kunal Kushwaha","kushwaha_kunal_v7@lab.ntt.co.jp","NTT","2017-01-01",58,2,4
"fate-grand-order","chenjg@harmonycloud.cn","HarmonyCloud","2017-01-01",2,2,2
"Alex Ellis","alexellis2@gmail.com","alexellis2@gmail.com","2017-02-01",6,6,6
"Michael Crosby","crosbymichael@gmail.com","crosbymichael@gmail.com","2016-12-01",0,0,7
"Tõnis Tiigi","tonistiigi@gmail.com","tonistiigi@gmail.com","2017-02-01",0,0,1
"Derek McGowan","derek@mcgstyle.net","derek@mcgstyle.net","2017-03-01",1040,854,20
"swapdisk","swapdisk@users.noreply.github.com","swapdisk@users.noreply.github.com","2016-12-01",4,4,2
"Akihiro Suda","suda.akihiro@lab.ntt.co.jp","NTT","2016-12-01",18,10,4
"kevinetc123","kaiwentan@harmonycloud.cn","kaiwentan@harmonycloud.cn","2017-02-01",16,10,6
"Samuel Karp","skarp@amazon.com","skarp@amazon.com","2017-02-01",312,284,10
"Samuel Karp","skarp@amazon.com","skarp@amazon.com","2016-12-01",288,10,2
"Akihiro Suda","suda.akihiro@lab.ntt.co.jp","NTT","2017-03-01",380,224,2
"Michael Crosby","crosbymichael@gmail.com","crosbymichael@gmail.com","2017-03-01",2947,407,41
"Kunal Kushwaha","kushwaha_kunal_v7@lab.ntt.co.jp","NTT","2017-02-01",706,0,8
"Qiang Huang","h.huangqiang@huawei.com","Huawei","2017-02-01",14,28,12
"Derek McGowan","derek@mcgstyle.net","derek@mcgstyle.net","2017-01-01",10250,14,7
"Qiang Huang","h.huangqiang@huawei.com","Huawei","2016-12-01",16,16,2
"Stephen J Day","stephen.day@docker.com","stephen.day@docker.com","2017-03-01",2248,422,8
"Akihiro Suda","suda.akihiro@lab.ntt.co.jp","NTT","2017-01-01",24127,6725,27
"Phil Estes","estesp@gmail.com","estesp@gmail.com","2017-01-01",0,0,8
"Qiang Huang","h.huangqiang@huawei.com","Huawei","2017-01-01",90,84,8
"Stephen Day","stevvooe@users.noreply.github.com","stevvooe@users.noreply.github.com","2017-02-01",0,0,46
"Stephen Day","stevvooe@users.noreply.github.com","stevvooe@users.noreply.github.com","2016-12-01",0,0,1
"Robert Northard","robertnorthard@googlemail.com","robertnorthard@googlemail.com","2016-12-01",6,6,2
"Michael Crosby","crosbymichael@gmail.com","crosbymichael@gmail.com","2017-02-01",31954,57164,72
"Volodymyr Burenin","vburenin@gmail.com","vburenin@gmail.com","2017-03-01",24,14,4
"Daniel Zhang","jmzwcn@gmail.com","jmzwcn@gmail.com","2017-01-01",26,0,2
"Gábor Lipták","gliptak@gmail.com","gliptak@gmail.com","2016-12-01",64,10,4
"ianwoolf","btw515wolf2@gmail.com","btw515wolf2@gmail.com","2016-12-01",5,5,1
"Kenfe-Mickaël Laventure","mickael.laventure@gmail.com","mickael.laventure@gmail.com","2017-03-01",0,0,10
"Aaron.L.Xu","likexu@harmonycloud.cn","NotFound","2017-01-01",32,32,2
"Daniel, Dao Quang Minh","dqminh89@gmail.com","dqminh89@gmail.com","2017-01-01",2,2,2
"Yanqiang Miao","miao.yanqiang@zte.com.cn","ZTE Corporation","2016-12-01",4,4,2
"Stephen J Day","stephen.day@docker.com","stephen.day@docker.com","2017-01-01",5274,1104,20
"Ed King","ed@teddyking.co.uk","ed@teddyking.co.uk","2017-01-01",2,2,2
"Kenfe-Mickaël Laventure","mickael.laventure@gmail.com","mickael.laventure@gmail.com","2017-01-01",261566,1716,40
"Jizhong Jiang","jiangjizhong@gmail.com","jiangjizhong@gmail.com","2017-01-01",14,10,2
"Wang Long","long.wanglong@huawei.com","Huawei","2017-01-01",52,0,2
"Phil Estes","estesp@linux.vnet.ibm.com","IBM","2016-12-01",227166,2,12
"Phil Estes","estesp@gmail.com","estesp@gmail.com","2017-02-01",40,44,32
"Aaron.L.Xu","likexu@harmonycloud.cn","NotFound","2017-02-01",10,10,2
