"Name","Email","Affliation","Date","Added","Removed","Changesets"
"Siavash Safi","siavash.safi@gmail.com","siavash.safi@gmail.com","2015-06-01",369,65,15
"Miek Gieben","miek@improbable.io","miek@improbable.io","2015-06-01",18,11,2
"jamiegwatkin","jamie@workshopx.com","jamie@workshopx.com","2015-08-01",1,1,1
"david birdsong","david.birdsong@imgix.com","david.birdsong@imgix.com","2015-06-01",7,5,1
"Jürgen Hermann","jh@web.de","jh@web.de","2016-04-01",3,1,1
"Corentin Chary","c.chary@criteo.com","c.chary@criteo.com","2016-01-01",6,6,1
"Michael Stapelberg","stapelberg@google.com","Google","2015-11-01",189,36,5
"Alexey Shamrin","shamrin@gmail.com","shamrin@gmail.com","2015-10-01",2,1,2
"Peter Stibrany","pstibrany@gmail.com","pstibrany@gmail.com","2016-03-01",4,4,1
"Brian Brazil","brian.brazil@gmail.com","brian.brazil@gmail.com","2015-05-01",1814,1582,14
"Ivan Babrou","ibobrik@gmail.com","cloudflare","2016-03-01",5,5,1
"stuart nelson","stuartnelson3@gmail.com","stuartnelson3@gmail.com","2016-05-01",242,215,2
"Christian Schwarz","me@cschwarz.com","me@cschwarz.com","2016-02-01",98,53,4
"Ben Kochie","superq@gmail.com","superq@gmail.com","2015-10-01",453,221,13
"Fabian Reinartz","fab.reinartz@gmail.com","CoreOS","2015-06-01",32131,16396,152
"Rainer Eli","claushellsing@gmail.com","claushellsing@gmail.com","2015-10-01",1,1,1
"Barisa Obradovic","bbaja42@gmail.com","bbaja42@gmail.com","2015-09-01",63,5,2
"Will Rouesnel","w.rouesnel@gmail.com","w.rouesnel@gmail.com","2015-11-01",28,3,1
"Kamil Grabowski","kamil.grabowski@gmail.com","kamil.grabowski@gmail.com","2015-07-01",2,2,1
"Will Fleury","willfleury@users.noreply.github.com","willfleury@users.noreply.github.com","2015-05-01",482,106,1
"Brian Brazil","brian-brazil@users.noreply.github.com","brian-brazil@users.noreply.github.com","2016-02-01",310,173,54
"Johannes 'fish' Ziemke","github@freigeist.org","imgix","2016-03-01",4,2,2
"commarla","laurent.commarieu@gmail.com","laurent.commarieu@gmail.com","2016-02-01",1,1,1
"stuart nelson","stuartnelson3@gmail.com","stuartnelson3@gmail.com","2015-05-01",282,28,9
"Robert Kielty","rob.kielty@gmail.com","rob.kielty@gmail.com","2015-10-01",1,1,1
"Kirk Russell","kirussel@users.noreply.github.com","kirussel@users.noreply.github.com","2015-09-01",49,11,4
"Brian Brazil","brian.brazil@robustperception.io","brian.brazil@robustperception.io","2015-11-01",246,101,35
"cherti","cherti@letopolis.de","cherti@letopolis.de","2015-09-01",573,1,3
"Ilia Choly","icholy@accipiterradar.com","icholy@accipiterradar.com","2015-10-01",136,0,3
"Mitsuhiro Tanda","mitsuhiro.tanda@gmail.com","mitsuhiro.tanda@gmail.com","2016-01-01",4,3,1
"Richard Hartmann","richih@users.noreply.github.com","richih@users.noreply.github.com","2016-01-01",271,151,16
"Vikas Kumar","vkumar@linkedin.com","vkumar@linkedin.com","2015-10-01",26,10,3
"Matthias Schiffer","mschiffer@universe-factory.net","mschiffer@universe-factory.net","2016-04-01",371,0,1
"Viet Hung Nguyen","hvnsweeting@gmail.com","Robotinfra.com","2016-01-01",1,1,1
"Robert Vollmert","rfvollmert@gmail.com","rfvollmert@gmail.com","2015-06-01",2,1,1
"hudashot","anarranaya@yandex.com","anarranaya@yandex.com","2016-02-01",262,14,2
"Matthias Rampke","mr@soundcloud.com","SoundCloud","2015-08-01",6,2,2
"Kevin Azzam","kevin@azz.am","kevin@azz.am","2015-08-01",10,27,3
"Tommy Ulfsparre","tommy@ulfsparre.se","tommy@ulfsparre.se","2015-11-01",12,6,1
"Julius Volz","julius@soundcloud.com","julius@soundcloud.com","2015-10-01",915,489,76
"Julius Volz","julius.volz@gmail.com","Self","2016-04-01",1233,720,62
"Johannes 'fish' Ziemke","github@freigeist.org","imgix","2015-07-01",44,11,4
"Harmen","harm@dds.nl","harm@dds.nl","2015-09-01",1,1,1
"Ashish Gandhi","ashish@cloudflare.com","ashish@cloudflare.com","2015-08-01",11,11,1
"Tom Czarniecki","tomcz@users.noreply.github.com","tomcz@users.noreply.github.com","2016-02-01",16,11,1
"Jimmy Tang","jcftang@gmail.com","jcftang@gmail.com","2015-05-01",2,0,1
"Piotr Kubowicz","piotr.kubowicz@gmail.com","piotr.kubowicz@gmail.com","2016-04-01",104,108,3
"Mateus Braga","mateus.a.braga@gmail.com","mateus.a.braga@gmail.com","2015-08-01",2,2,1
"Christoph Hack","christoph@tux21b.org","christoph@tux21b.org","2016-03-01",68,11,3
"Florian Pfitzer","pfitzer@w3p.cc","pfitzer@w3p.cc","2015-06-01",4,0,1
"Steve Durrheimer","s.durrheimer@gmail.com","s.durrheimer@gmail.com","2015-12-01",274,284,2
"Julius Volz","julius@soundcloud.com","julius@soundcloud.com","2015-08-01",594,276,58
"Will Rouesnel","w.rouesnel@gmail.com","w.rouesnel@gmail.com","2015-07-01",1,1,1
"Mark Railton","marksrailton@gmail.com","marksrailton@gmail.com","2015-09-01",19,2,2
"Fabian Reinartz","fab.reinartz@gmail.com","CoreOS","2016-03-01",1193,418,49
"Sindre Myren","smyrman@gmail.com","smyrman@gmail.com","2015-06-01",1143,62,1
"Robbie Trencheny","me@robbiet.us","me@robbiet.us","2015-10-01",30,8,4
"David Bouchare","dialindo7@gmail.com","dialindo7@gmail.com","2016-01-01",2,2,1
"Fabian Reinartz","fab.reinartz@gmail.com","CoreOS","2015-09-01",93612,136337,180
"Joshua Barratt","jbarratt@serialized.net","jbarratt@serialized.net","2015-09-01",5,0,1
"Jonne Nauha","jonne@adminotech.com","jonne@adminotech.com","2015-09-01",73,3,1
"Michael Stapelberg","stapelberg@google.com","Google","2016-02-01",142,0,1
"Björn Rabenstein","bjoern@rabenste.in","bjoern@rabenste.in","2015-06-01",0,0,9
"Max","hess@blacklight-it.com","hess@blacklight-it.com","2015-08-01",1,1,1
"Tomas Karasek","tom.to.the.k@gmail.com","tom.to.the.k@gmail.com","2015-05-01",228,66,5
"Roman Vynar","roman.vynar@percona.com","roman.vynar@percona.com","2016-03-01",115,1,2
"Sam Starling","sam@soundcloud.com","sam@soundcloud.com","2015-11-01",104,108,2
"Bruno Bigras","bigras.bruno@gmail.com","bigras.bruno@gmail.com","2015-11-01",1,1,1
"Kirk Russell","kirk.russell@shopify.com","kirk.russell@shopify.com","2015-10-01",0,1,1
"Alexis Letessier","alexis.letessier@gmail.com","alexis.letessier@gmail.com","2015-07-01",41,9,1
"Nicholas J","njohns+gh@grovo.com","njohns+gh@grovo.com","2015-10-01",2,2,1
"Michal Mazurek","akfaew@gmail.com","akfaew@gmail.com","2015-11-01",14,8,6
"Kevin Pike","kpike@doubledutch.me","kpike@doubledutch.me","2015-07-01",525,280,5
"Dominik Honnef","dominik@honnef.co","dominik@honnef.co","2016-05-01",1,1,1
"Michael Stapelberg","stapelberg@users.noreply.github.com","stapelberg@users.noreply.github.com","2015-06-01",1,0,1
"Alexey Palazhchenko","alexey.palazhchenko@gmail.com","alexey.palazhchenko@gmail.com","2015-08-01",3,3,1
"David Nesting","david.nesting@gmail.com","david.nesting@gmail.com","2015-11-01",49,36,3
"Ben Kochie","superq@gmail.com","superq@gmail.com","2015-12-01",41,9,5
"Federico Baldo","federico.baldo@eurotech.com","federico.baldo@eurotech.com","2015-10-01",33,4,1
"Ivan Babrou","ibobrik@gmail.com","cloudflare","2015-12-01",15,18,2
"Pasi Hämäläinen","pasi.hamalainen@sulake.com","pasi.hamalainen@sulake.com","2015-06-01",1,1,1
"Peter Waller","p@pwaller.net","p@pwaller.net","2015-10-01",263,1,1
"William Rouesnel","william.rouesnel@netregistry.com.au","william.rouesnel@netregistry.com.au","2015-07-01",24,16,1
"wndhydrnt","hydrantanderwand@gmail.com","hydrantanderwand@gmail.com","2015-06-01",1,1,1
"Jan B","jasiu.79@gmail.com","jasiu.79@gmail.com","2016-01-01",1,0,1
"Björn Rabenstein","bjoern@rabenste.in","bjoern@rabenste.in","2015-11-01",0,0,10
"stuart nelson","stuartnelson3@gmail.com","stuartnelson3@gmail.com","2016-03-01",39,0,3
"beorn7","beorn@soundcloud.com","beorn@soundcloud.com","2016-02-01",1784,1213,22
"beorn7","beorn@soundcloud.com","beorn@soundcloud.com","2015-08-01",610,656,3
"Roman Vynar","roman.vynar@percona.com","roman.vynar@percona.com","2016-01-01",25,3,3
"Martín Ferrari","tincho@debian.org","tincho@debian.org","2015-09-01",424,480,5
"Seth Miller","seth@sethmiller.me","seth@sethmiller.me","2016-04-01",19045,6,2
"Florian Forster","octo@collectd.org","octo@collectd.org","2015-07-01",238,19,4
"Tomas Karasek","tom.to.the.k@gmail.com","tom.to.the.k@gmail.com","2015-07-01",72,0,1
"Olve Sæther Hansen","olve@vimond.com","olve@vimond.com","2015-12-01",31,22,2
"Brian Brazil","brian-brazil@users.noreply.github.com","brian-brazil@users.noreply.github.com","2015-07-01",1221,339,31
"Antoine Grondin","antoinegrondin@gmail.com","antoinegrondin@gmail.com","2015-06-01",107,0,1
"Joscha","joscha@schnipseljagd.org","joscha@schnipseljagd.org","2016-03-01",16,1,1
"Dave McLain","dave.mclain@tabbedout.com","dave.mclain@tabbedout.com","2016-02-01",1,2,1
"eliothedeman","eliot.d.hedeman@gmail.com","eliot.d.hedeman@gmail.com","2016-03-01",276,0,1
"beorn7","beorn@soundcloud.com","beorn@soundcloud.com","2015-05-01",1918,944,16
"Kyle","ilovebees360@gmail.com","ilovebees360@gmail.com","2015-07-01",96,3,1
"Mikhail Salosin","salosinm@gmail.com","salosinm@gmail.com","2015-11-01",1,1,1
"Serge Matveenko","lig@users.noreply.github.com","lig@users.noreply.github.com","2015-10-01",3,2,1
"Steve Durrheimer","s.durrheimer@gmail.com","s.durrheimer@gmail.com","2016-05-01",302,223,15
"Steve Durrheimer","s.durrheimer@gmail.com","s.durrheimer@gmail.com","2016-01-01",158,26,1
"Robert Vollmert","rfvollmert@gmail.com","rfvollmert@gmail.com","2015-08-01",12,10,3
"Mac Browning","mac@digitalocean.com","DigitalOcean","2015-10-01",132,66,6
"Tobias Schmidt","ts@soundcloud.com","SoundCloud","2016-05-01",45,1,12
"Sharif Nassar","snassar@bottlenose.com","snassar@bottlenose.com","2015-09-01",20,6,1
"Daniel Lundin","dln@eintr.org","dln@eintr.org","2015-08-01",5,0,2
"Johannes 'fish' Ziemke","github@freigeist.org","imgix","2015-12-01",1,1,2
"Matt Layher","mdlayher@gmail.com","mdlayher@gmail.com","2016-03-01",2,0,2
"r4k","github.r4k@xoxy.net","github.r4k@xoxy.net","2015-10-01",6,3,2
"Brian Brazil","brian.brazil@robustperception.io","brian.brazil@robustperception.io","2016-01-01",902,470,57
"Johannes 'fish' Ziemke","github@freigeist.org","imgix","2016-01-01",344,27,9
"Brandon Weeks","weeks@squareup.com","Square","2016-05-01",44,34,2
"beorn7","beorn@soundcloud.com","beorn@soundcloud.com","2015-11-01",349,225,2
"Keegan Carruthers-Smith","keegan.csmith@gmail.com","Sourcegraph.com","2015-09-01",6,11,1
"Peter Fern","github@obfusc8.org","github@obfusc8.org","2015-07-01",7,2,1
"Bernardo Sulzbach","mafagafogigante@gmail.com","mafagafogigante@gmail.com","2015-10-01",24,26,1
"Kai Storbeck","kai@xs4all.net","kai@xs4all.net","2016-04-01",87,28,5
"Tobias Schmidt","ts@soundcloud.com","SoundCloud","2015-11-01",74,36,15
"Pavel Borzenkov","pavel.borzenkov@gmail.com","pavel.borzenkov@gmail.com","2016-01-01",13,16,1
"Ben Kochie","superq@gmail.com","superq@gmail.com","2016-02-01",189,56,29
"Francois Visconte","f.visconte@criteo.com","f.visconte@criteo.com","2015-12-01",347,1,1
"James Findley","jamesf@nutmeg.com","jamesf@nutmeg.com","2015-06-01",4,1,2
"Matthias Rampke","mr@soundcloud.com","SoundCloud","2016-02-01",5,5,3
"Tobias Gesellchen","tobias@gesellix.de","tobias@gesellix.de","2015-07-01",1,1,1
"Tobias Gesellchen","tobias.gesellchen@hypoport.de","tobias.gesellchen@hypoport.de","2015-05-01",10,2,1
"Rob Drysale","rob.drysdale@boxever.com","rob.drysdale@boxever.com","2016-02-01",143,0,1
"Tobias Schmidt","ts@soundcloud.com","SoundCloud","2016-03-01",220,101,19
"Matthias Rampke","mr@soundcloud.com","SoundCloud","2015-09-01",2240,92,13
"Matt Crane","mcrane@snapbug.geek.nz","mcrane@snapbug.geek.nz","2016-01-01",0,0,1
"Julius Volz","julius.volz@gmail.com","Self","2015-11-01",12,8,10
"James Findley","jamesf@nutmeg.com","jamesf@nutmeg.com","2016-03-01",7,7,1
"Tommy Ulfsparre","tommy@ulfsparre.se","tommy@ulfsparre.se","2015-05-01",748,605,16
"Jimmi Dyson","jimmidyson@gmail.com","Red Hat","2015-12-01",35,10,3
"Ilya Khaprov","dead.trickster@gmail.com","dead.trickster@gmail.com","2016-04-01",1,0,1
"Christian Svensson","blue@cmd.nu","blue@cmd.nu","2016-01-01",5,3,1
"Johannes 'fish' Ziemke","github@freigeist.org","imgix","2015-06-01",31,13,9
"Miek Gieben","miek@improbable.io","miek@improbable.io","2015-08-01",15,5,1
"Matt Tescher","matthew.tescher@docker.com","matthew.tescher@docker.com","2015-10-01",1,0,1
"Dato Simó","dato@net.com.org.es","dato@net.com.org.es","2015-07-01",1,1,1
"Carlos Amedee","camedee@digitalocean.com","camedee@digitalocean.com","2016-02-01",1,1,1
"Florian Pfitzer","pfitzer@w3p.cc","pfitzer@w3p.cc","2015-07-01",2,1,1
"Oliver Hookins","ohookins@gmail.com","ohookins@gmail.com","2015-12-01",1,1,1
"Timo Zingel","lord-spam@exigen.org","lord-spam@exigen.org","2016-02-01",1,1,1
"Björn Rabenstein","bjoern@rabenste.in","bjoern@rabenste.in","2016-03-01",0,0,19
"Alan Braithwaite","asbraithwaite@gmail.com","asbraithwaite@gmail.com","2015-05-01",1,1,1
"Björn Rabenstein","bjoern@rabenste.in","bjoern@rabenste.in","2015-07-01",3,1,18
"Luciano Antonio Borguetti Faustino","lucianoborguetti@gmail.com","lucianoborguetti@gmail.com","2015-09-01",1,0,1
"Nadja Deininger","nadja@ef.gy","nadja@ef.gy","2015-09-01",66,0,1
"Harmen","harm@dds.nl","harm@dds.nl","2015-11-01",184,206,6
"Morten Siebuhr","sbhr@sbhr.dk","sbhr@sbhr.dk","2015-08-01",66,46,2
"Johannes 'fish' Ziemke","github@freigeist.org","imgix","2016-05-01",244902,942,28
"Rohith","gambol99@gmail.com","Devops","2015-07-01",3,1,1
"Patrick Bogen","patrick@srcclr.com","patrick@srcclr.com","2016-03-01",42,29,2
"Conrad Hoffmann","conrad@soundcloud.com","conrad@soundcloud.com","2016-04-01",3,1,1
"Björn Rabenstein","bjoern@rabenste.in","bjoern@rabenste.in","2016-01-01",0,0,16
"Nick Owens","mischief@offblast.org","mischief@offblast.org","2015-11-01",367,138,4
"Max Chadwick","mpchadwick@gmail.com","mpchadwick@gmail.com","2016-04-01",124,88,5
"Tomasz Elendt","tomasz.elendt@gmail.com","tomasz.elendt@gmail.com","2015-06-01",42,3,2
"Robert Vollmert","rfvollmert@gmail.com","rfvollmert@gmail.com","2015-11-01",76,43,4
"Erkki Eilonen","erkki@itech.ee","erkki@itech.ee","2016-01-01",5,5,1
"Viet Hung Nguyen","hvnsweeting@gmail.com","Robotinfra.com","2016-04-01",4,0,1
"Antonin Kral","a.kral@bobek.cz","a.kral@bobek.cz","2016-05-01",8,7,1
"Juergen Hoetzel","juergen@archlinux.org","juergen@archlinux.org","2016-01-01",2,1,3
"Anton Tolchanov","me@knyar.net","me@knyar.net","2016-03-01",3,1,1
"afefelov","reg@afefelov.ru","reg@afefelov.ru","2015-11-01",12,1,1
"Jonne Nauha","jonne.nauha@adminotech.com","jonne.nauha@adminotech.com","2016-02-01",1,0,1
"Michael Stapelberg","stapelberg@google.com","Google","2016-03-01",30,21,1
"Tiago Katcipis","tiagokatcipis@gmail.com","tiagokatcipis@gmail.com","2016-01-01",88,16,4
"Julius Volz","julius@soundcloud.com","julius@soundcloud.com","2015-09-01",3821,1053,97
"stuart nelson","stuartnelson3@gmail.com","stuartnelson3@gmail.com","2015-09-01",133,128,4
"Björn Rabenstein","bjoern@rabenste.in","bjoern@rabenste.in","2015-10-01",0,0,2
"Matteo Bigoi","bigo@crisidev.org","bigo@crisidev.org","2015-10-01",146,112,4
"Benjamin Staffin","ben@folsomlabs.com","ben@folsomlabs.com","2015-05-01",1,1,1
"Bas Mesman","captainf@dds.nl","captainf@dds.nl","2016-03-01",3,1,1
"Ivan Babrou","ibobrik@gmail.com","cloudflare","2016-02-01",18,0,1
"Vladimir Pouzanov","farcaller@gmail.com","Google","2015-07-01",6,1,2
"beorn7","beorn@soundcloud.com","beorn@soundcloud.com","2016-03-01",3220,1542,57
"Travis Truman","travis_truman@cable.comcast.com","travis_truman@cable.comcast.com","2015-11-01",14,30,4
"Ben Kochie","superq@gmail.com","superq@gmail.com","2015-07-01",180,62,3
"Ben Kochie","superq@gmail.com","superq@gmail.com","2016-03-01",612,289,21
"Jari Takkala","jtakkala@gmail.com","jtakkala@gmail.com","2015-06-01",21,9,1
"Matthias Rampke","mr@soundcloud.com","SoundCloud","2015-06-01",14,1,1
"Julius Volz","julius@soundcloud.com","julius@soundcloud.com","2015-07-01",5040,829,74
"Alexander Mitchell","alex.mitchell.1995@gmail.com","alex.mitchell.1995@gmail.com","2015-09-01",72,59,1
"Jimmi Dyson","jimmidyson@gmail.com","Red Hat","2016-03-01",37,5,1
"Joshua Barratt","jbarratt@serialized.net","jbarratt@serialized.net","2015-10-01",11,0,1
"Brian Brazil","brian-brazil@users.noreply.github.com","brian-brazil@users.noreply.github.com","2015-06-01",6549,1098,44
"Fabian Reinartz","fab.reinartz@gmail.com","CoreOS","2015-10-01",87497,4052,185
"Matt Jibson","matt.jibson@gmail.com","Stack Exchange","2015-10-01",42,1,2
"Jimmi Dyson","jimmidyson@gmail.com","Red Hat","2016-01-01",223,167,2
"Fabian Reinartz","fab.reinartz@gmail.com","CoreOS","2015-12-01",161613,81704,73
"Florian Forster","octo@google.com","Google","2015-11-01",3,1,1
"Mikhail Salosin","salosinm@gmail.com","salosinm@gmail.com","2015-10-01",3,1,1
"Fabian Reinartz","fab.reinartz@gmail.com","CoreOS","2016-01-01",1062,606,74
"beorn7","beorn@soundcloud.com","beorn@soundcloud.com","2015-07-01",480,249,14
"stuart nelson","stuartnelson3@gmail.com","stuartnelson3@gmail.com","2015-07-01",12,5,2
"Steve Durrheimer","s.durrheimer@gmail.com","s.durrheimer@gmail.com","2015-06-01",645,294,57
"Ben Kochie","superq@gmail.com","superq@gmail.com","2015-09-01",261,21,17
"Brian Brazil","brian-brazil@users.noreply.github.com","brian-brazil@users.noreply.github.com","2016-03-01",132577,292,46
"Sharif Nassar","snassar@bottlenose.com","snassar@bottlenose.com","2015-08-01",4,0,1
"Amim Knabben","amim.knabben@gmail.com","amim.knabben@gmail.com","2016-01-01",2,1,1
"Arnold Bechtoldt","mail@arnoldbechtoldt.com","mail@arnoldbechtoldt.com","2015-12-01",18,0,1
"Laurie Malau","laurie.malau@gmail.com","laurie.malau@gmail.com","2015-08-01",48,8,2
"Siavash Safi","siavash.safi@gmail.com","siavash.safi@gmail.com","2015-05-01",452,58,10
"Caskey L. Dickson","caskey@technocage.com","caskey@technocage.com","2016-01-01",2,6,1
"Eric Ripa","eric@ripa.io","eric@ripa.io","2015-08-01",2,2,1
"Robey Pointer","robeypointer@gmail.com","robeypointer@gmail.com","2015-07-01",6,2,1
"Richard Hartmann","richih@users.noreply.github.com","richih@users.noreply.github.com","2016-02-01",9,4,5
"Mitsuhiro Tanda","mitsuhiro.tanda@gmail.com","mitsuhiro.tanda@gmail.com","2016-02-01",1,1,1
"William Rouesnel","william.rouesnel@netregistry.com.au","william.rouesnel@netregistry.com.au","2015-06-01",8,1,2
"Roman Vynar","roman.vynar@percona.com","roman.vynar@percona.com","2016-05-01",2,2,1
"Ivar Larsson","ivar@bloglovin.com","ivar@bloglovin.com","2015-10-01",1,1,1
"Brian Brazil","brian-brazil@users.noreply.github.com","brian-brazil@users.noreply.github.com","2015-12-01",400,223,38
"Tobias Schmidt","ts@soundcloud.com","SoundCloud","2015-10-01",598,570,29
"Brian Brazil","brian-brazil@users.noreply.github.com","brian-brazil@users.noreply.github.com","2016-05-01",16,0,7
"Eduard-Cristian Stefan","alexandrul.ct@gmail.com","alexandrul.ct@gmail.com","2016-01-01",1,1,2
"Julien Dehee","julien.dehee@blablacar.com","julien.dehee@blablacar.com","2016-01-01",435,210,1
"Frank Wisniewski","frank.wisniewski@gmail.com","frank.wisniewski@gmail.com","2015-07-01",21,9,1
"Brian Glogower","brian.glogower@docker.com","brian.glogower@docker.com","2015-08-01",2,2,1
"Greg Dallavalle","greg.dallavalle@ave81.com","LeadPages","2016-01-01",2,0,1
"James Pickering","james.pickering@hermes-europe.co.uk","james.pickering@hermes-europe.co.uk","2016-01-01",145,41,4
"Corentin Chary","corentin.chary@gmail.com","corentin.chary@gmail.com","2015-11-01",289,0,1
"Tobias Schmidt","ts@soundcloud.com","SoundCloud","2016-02-01",139693,519,15
"Victor Lopez","victorcete@gmail.com","victorcete@gmail.com","2015-10-01",10,0,1
"Dmitry Krasnoukhov","dmitry@krasnoukhov.com","dmitry@krasnoukhov.com","2015-05-01",2,1,1
"Morten Siebuhr","sbhr@sbhr.dk","sbhr@sbhr.dk","2015-07-01",234,3,5
"Thomas Clavier","thomas.clavier@gmail.com","thomas.clavier@gmail.com","2015-06-01",1,1,1
"Michael Stapelberg","stapelberg@google.com","Google","2015-12-01",182,10,3
"Timo Derstappen","teemow@gmail.com","Giant Swarm","2016-04-01",13,4,1
"Harmen","harm@dds.nl","harm@dds.nl","2016-05-01",22,0,1
"Dieter Plaetinck","dieter@plaetinck.be","dieter@plaetinck.be","2015-08-01",2,2,1
"Chad Metcalf","metcalfc@gmail.com","metcalfc@gmail.com","2015-06-01",5,3,1
"Jan Berktold","janberktold@aol.com","janberktold@aol.com","2015-08-01",23,7,2
"david birdsong","david.birdsong@imgix.com","david.birdsong@imgix.com","2015-05-01",93,53,2
"Tobias Schmidt","ts@soundcloud.com","SoundCloud","2015-12-01",130,66,8
"Jonathan Boulle","jonathanboulle@gmail.com","jonathanboulle@gmail.com","2016-04-01",250,2,3
"Pavel Borzenkov","pavel.borzenkov@gmail.com","pavel.borzenkov@gmail.com","2016-02-01",6,1,1
"Augusto Hack","hack.augusto@gmail.com","hack.augusto@gmail.com","2015-12-01",3,2,1
"Robin Schneider","ypid@riseup.net","ypid@riseup.net","2015-09-01",3,3,1
"Björn Rabenstein","bjoern@rabenste.in","bjoern@rabenste.in","2016-02-01",0,0,12
"Ben Kochie","superq@gmail.com","superq@gmail.com","2016-04-01",2461,1945,25
"Steve Durrheimer","s.durrheimer@gmail.com","s.durrheimer@gmail.com","2016-03-01",347,338,10
"Johannes 'fish' Ziemke","github@freigeist.org","imgix","2016-04-01",494,6,3
"Ilya Margolin","ilya@jimdo.com","ilya@jimdo.com","2016-04-01",160,60,2
"Sam Starling","sam@soundcloud.com","sam@soundcloud.com","2015-09-01",13,13,1
"Tobias Schmidt","ts@soundcloud.com","SoundCloud","2015-09-01",266,306,29
"Roman Vynar","roman.vynar@percona.com","roman.vynar@percona.com","2015-12-01",92,3,3
"Roy Miloh","rmiloh@gmail.com","rmiloh@gmail.com","2015-10-01",0,2,1
"Ignacio Carbajo","icarbajop@gmail.com","icarbajop@gmail.com","2016-02-01",5,5,3
"Anders Daljord Morken","anders.morken@cxense.com","anders.morken@cxense.com","2015-09-01",70,25,5
"beorn7","beorn@soundcloud.com","beorn@soundcloud.com","2016-01-01",963,539,27
"Miek Gieben","miek@improbable.io","miek@improbable.io","2015-07-01",246,3,2
"Pavel Borzenkov","pavel.borzenkov@gmail.com","pavel.borzenkov@gmail.com","2015-11-01",502,3,5
"Johannes Visintini","github@joker234.de","github@joker234.de","2016-04-01",5,1,1
"Kevin Yien","yien.kevin@gmail.com","yien.kevin@gmail.com","2015-10-01",6,6,1
"beorn7","beorn@soundcloud.com","beorn@soundcloud.com","2015-12-01",7,8,2
"Marc Fournier","marc.fournier@camptocamp.com","marc.fournier@camptocamp.com","2016-04-01",7,7,1
"Joonas Bergius","joonas@digitalocean.com","joonas@digitalocean.com","2015-06-01",1,1,1
"Fabian Reinartz","fab.reinartz@gmail.com","CoreOS","2016-05-01",6595,105,22
"Fabian Reinartz","fab.reinartz@gmail.com","CoreOS","2015-05-01",13252,3418,109
"Rene Treffer","treffer@measite.de","treffer@measite.de","2015-09-01",225,4,2
"Björn Rabenstein","bjoern@rabenste.in","bjoern@rabenste.in","2016-04-01",155,0,6
"Jake Pittis","jakepittis@gmail.com","jakepittis@gmail.com","2015-11-01",38,0,1
"Evgeny Rachlenko","erachlenko@outbrain.com","erachlenko@outbrain.com","2015-12-01",52,11,1
"Florian Forster","octo@collectd.org","octo@collectd.org","2015-06-01",105,115,1
"Alexis Savin","a.savin@linkbynet.com","a.savin@linkbynet.com","2016-02-01",5,0,1
"stuart nelson","stuartnelson3@gmail.com","stuartnelson3@gmail.com","2015-11-01",1095,620,13
"Julius Volz","julius.volz@gmail.com","Self","2016-02-01",66,35,20
"Björn Rabenstein","bjoern@rabenste.in","bjoern@rabenste.in","2015-05-01",1,1,19
"Jimmi Dyson","jimmidyson@gmail.com","Red Hat","2015-10-01",162,109,6
"Tomas Karasek","tom.to.the.k@gmail.com","tom.to.the.k@gmail.com","2015-06-01",30,4,1
"Kevin Pike","kpike@doubledutch.me","kpike@doubledutch.me","2015-10-01",249,281,5
"Björn Rabenstein","bjoern@rabenste.in","bjoern@rabenste.in","2015-12-01",0,0,2
"Thomas Zimmermann","zimmermann.tho@gmail.com","zimmermann.tho@gmail.com","2016-02-01",3,2,1
"Sam Parkinson","sam@sam.today","sam@sam.today","2016-01-01",20,4,2
"Silas Snider","swsnider@apple.com","swsnider@apple.com","2015-09-01",25,2,1
"Peter Fern","github@obfusc8.org","github@obfusc8.org","2015-12-01",150,70,1
"Fabian Reinartz","fab.reinartz@gmail.com","CoreOS","2016-04-01",1527,834,67
"beorn7","beorn@soundcloud.com","beorn@soundcloud.com","2015-06-01",125,75,8
"Tom Prince","tom.prince@ualberta.net","tom.prince@ualberta.net","2015-10-01",92,2,2
"Richard Hartmann","richih@users.noreply.github.com","richih@users.noreply.github.com","2015-10-01",1,1,1
"stuart nelson","stuartnelson3@gmail.com","stuartnelson3@gmail.com","2015-08-01",37,12,4
"Jimmi Dyson","jimmidyson@gmail.com","Red Hat","2015-08-01",138,4,6
"Dan Billeci","dan@billeci.com","dan@billeci.com","2015-09-01",1,1,1
"Fabian Reinartz","fab.reinartz@gmail.com","CoreOS","2015-08-01",40661,23549,129
"Nan Xiao","nan@chinadtrace.org","nan@chinadtrace.org","2016-04-01",3,3,2
"Sam Ghods","sam@box.com","Box","2015-05-01",258,2,2
"Steve Durrheimer","s.durrheimer@gmail.com","s.durrheimer@gmail.com","2015-07-01",0,1,1
"Seb Dijols","seb@improbable.io","seb@improbable.io","2016-03-01",6,0,1
"Mat Davies","mat@improbable.io","mat@improbable.io","2015-09-01",288,219,1
"Trey Tacon","ttacon@gmail.com","ttacon@gmail.com","2015-06-01",1,1,1
"Mikhail Salosin","salosinm@gmail.com","salosinm@gmail.com","2015-09-01",20,8,2
"Fabian Stehle","fabian.stehle@jimdo.com","fabian.stehle@jimdo.com","2015-09-01",18,0,2
"Tobias Schmidt","ts@soundcloud.com","SoundCloud","2015-06-01",63,19,16
"Artur Dryomov","ming13@users.noreply.github.com","ming13@users.noreply.github.com","2015-10-01",2,2,1
"Will Rouesnel","w.rouesnel@gmail.com","w.rouesnel@gmail.com","2015-08-01",218,38,5
"Florian Koch","florian.koch1981@gmail.com","florian.koch1981@gmail.com","2016-01-01",71,1,1
"louis","louis@systemli.org","louis@systemli.org","2016-01-01",168,16,4
"Ian Hansen","ian@supershabam.com","ian@supershabam.com","2015-07-01",38,8,2
"Benjamin Villain","b.villain@criteo.com","b.villain@criteo.com","2016-04-01",1,1,1
"Rémi Audebert","halfr@lse.epita.fr","halfr@lse.epita.fr","2015-12-01",196,8,4
"Brian Brazil","brian-brazil@users.noreply.github.com","brian-brazil@users.noreply.github.com","2016-04-01",152672,137,36
"Stephan Erb","github@stephanerb.eu","github@stephanerb.eu","2015-06-01",1,1,1
"Daniel Bonkowski","bonko@jimdo.com","bonko@jimdo.com","2016-03-01",64,8,2
"Kevin Lyda","kevin@ie.suberic.net","kevin@ie.suberic.net","2015-10-01",10,17,6
"Matthias Rampke","mr@soundcloud.com","SoundCloud","2016-01-01",0,0,1
"James Sanford","jsanfordgit@froop.com","jsanfordgit@froop.com","2015-11-01",67,0,2
"Robbie Trencheny","me@robbiet.us","me@robbiet.us","2015-08-01",17,5,1
"Mathias Methner","mathias.methner@ottogroup.com","mathias.methner@ottogroup.com","2016-02-01",2,2,2
"stuart nelson","stuartnelson3@gmail.com","stuartnelson3@gmail.com","2016-04-01",7761,5454,8
"Christian Svensson","blue@cmd.nu","blue@cmd.nu","2015-06-01",250,0,1
"Brian Brazil","brian.brazil@robustperception.io","brian.brazil@robustperception.io","2015-08-01",1065,490,65
"Steve Durrheimer","s.durrheimer@gmail.com","s.durrheimer@gmail.com","2016-02-01",36498,184,11
"Thach MAI","thachmai@gmail.com","thachmai@gmail.com","2015-10-01",4,3,1
"Nevins Bartolomeo","nevins.bartolomeo@aocsolutions.com","nevins.bartolomeo@aocsolutions.com","2015-05-01",4,4,1
"Matt Jibson","matt.jibson@gmail.com","Stack Exchange","2015-09-01",30460,21,4
"Cameron Davison","cameron@novilabs.com","cameron@novilabs.com","2015-05-01",1139,1130,2
"Siavash Safi","siavash.safi@gmail.com","siavash.safi@gmail.com","2015-07-01",45,58,3
"Kris Budde","kris.budde@gmail.com","kris.budde@gmail.com","2015-07-01",2,1,2
"Paul Logston","code@logston.me","code@logston.me","2015-10-01",105,39,1
"Ben Kochie","superq@gmail.com","superq@gmail.com","2016-01-01",109,6,10
"Christopher Baines","mail@cbaines.net","mail@cbaines.net","2016-01-01",1,0,1
"Miguel Molina","hi@mvader.me","hi@mvader.me","2015-10-01",1,1,1
"cherti","cherti@letopolis.de","cherti@letopolis.de","2016-02-01",1,1,1
"Brian Brazil","brian.brazil@robustperception.io","brian.brazil@robustperception.io","2015-10-01",689,7633,79
"Ben Kochie","superq@gmail.com","superq@gmail.com","2016-05-01",62,1,7
"Nick Owens","mischief@offblast.org","mischief@offblast.org","2015-10-01",77,95,2
"Andrea Bernardo Ciddio","bcandrea@gmail.com","bcandrea@gmail.com","2015-05-01",2,2,1
"Tobias Schmidt","ts@soundcloud.com","SoundCloud","2016-04-01",116322,17528,66
"Julius Volz","julius.volz@gmail.com","Self","2015-12-01",0,0,2
"Steve Durrheimer","s.durrheimer@gmail.com","s.durrheimer@gmail.com","2016-04-01",8656,583,46
"Tobias Schmidt","ts@soundcloud.com","SoundCloud","2015-08-01",0,0,1
"Fabian Reinartz","fab.reinartz@gmail.com","CoreOS","2015-07-01",3056,1328,57
"Roman Mohr","rmohr@redhat.com","Red Hat","2016-04-01",51,1,1
"Robin Bowes","robin.bowes@yo61.com","robin.bowes@yo61.com","2015-05-01",26,20,2
"Harmen","harm@dds.nl","harm@dds.nl","2016-02-01",1,1,1
"James Findley","jfindley@fastmail.com","jfindley@fastmail.com","2015-05-01",61,23,1
"Brian Knox","bknox@digitalocean.com","bknox@digitalocean.com","2015-07-01",2,1,2
"Daniel Bechler","sqisher@users.noreply.github.com","sqisher@users.noreply.github.com","2015-05-01",74,4,1
"draxly","timl@kth.se","timl@kth.se","2015-11-01",1,1,1
"Dan Williams","me@deedubs.com","me@deedubs.com","2015-07-01",6,6,1
"Bruno Bigras","bigras.bruno@gmail.com","bigras.bruno@gmail.com","2015-05-01",1,1,1
"Sam Starling","sam@soundcloud.com","sam@soundcloud.com","2015-08-01",4396,4391,13
"Eric Richardson","e@ericrichardson.com","e@ericrichardson.com","2015-06-01",15,1,3
"Julius Volz","julius@soundcloud.com","julius@soundcloud.com","2015-06-01",975,684,122
"Matt Crane","mcrane@cs.otago.ac.nz","mcrane@cs.otago.ac.nz","2015-10-01",9,7,3
"stuart nelson","stuartnelson3@gmail.com","stuartnelson3@gmail.com","2015-10-01",17,6,7
"javier","javier@swiftkey.com","javier@swiftkey.com","2016-02-01",1,1,1
"Johannes 'fish' Ziemke","github@freigeist.org","imgix","2016-02-01",0,0,1
"Jimmi Dyson","jimmidyson@gmail.com","Red Hat","2015-11-01",215,40,7
"Nick Owens","mischief@offblast.org","mischief@offblast.org","2016-03-01",1,1,1
"Robert Jacob","robert.jacob@holidaycheck.com","robert.jacob@holidaycheck.com","2015-09-01",76,0,2
"Varun Patro","varun.kumar.patro@gmail.com","varun.kumar.patro@gmail.com","2015-10-01",1,1,1
"Eric Chu","ericchu@yelp.com","ericchu@yelp.com","2015-10-01",40,0,1
"Karthik Gaekwad","karthik.gaekwad@gmail.com","karthik.gaekwad@gmail.com","2015-10-01",4,4,1
"Shawn Smith","shawnpsmith@gmail.com","Signal Sciences Corp","2016-05-01",1,1,1
"Christian Svensson","blue@cmd.nu","blue@cmd.nu","2016-02-01",3,2,2
"Julius Volz","julius.volz@gmail.com","Self","2016-05-01",15,14,4
"Michael Stapelberg","stapelberg@users.noreply.github.com","stapelberg@users.noreply.github.com","2015-05-01",6,1,2
"Anders Daljord Morken","anders.morken@cxense.com","anders.morken@cxense.com","2016-03-01",24,5,1
"Dennis Ordanov","shpsec-dennis@users.noreply.github.com","shpsec-dennis@users.noreply.github.com","2016-05-01",1,1,1
"Ben Kochie","superq@gmail.com","superq@gmail.com","2015-08-01",503,70,16
"stuart nelson","stuartnelson3@gmail.com","stuartnelson3@gmail.com","2016-01-01",4,0,2
"Robert Jacob","robert.jacob@holidaycheck.com","robert.jacob@holidaycheck.com","2015-07-01",508,1,1
"Johannes 'fish' Ziemke","github@freigeist.org","imgix","2015-05-01",91,166,4
"wndhydrnt","hydrantanderwand@gmail.com","hydrantanderwand@gmail.com","2015-08-01",464,85,2
"syscrusher","syscrusher@users.noreply.github.com","syscrusher@users.noreply.github.com","2016-04-01",0,1,1
"Mitsuhiro Tanda","mitsuhiro.tanda@gmail.com","mitsuhiro.tanda@gmail.com","2015-05-01",12,10,1
"Daniel Bechler","sqisher@users.noreply.github.com","sqisher@users.noreply.github.com","2015-12-01",63,2,1
"Francois Visconte","f.visconte@criteo.com","f.visconte@criteo.com","2016-01-01",1,1,1
"Christoph Oelmueller","christoph.oelmueller@lovoo.com","christoph.oelmueller@lovoo.com","2016-04-01",6,0,1
"Roman Vynar","roman.vynar@percona.com","roman.vynar@percona.com","2016-04-01",3,2,2
"Julius Volz","julius@soundcloud.com","julius@soundcloud.com","2016-03-01",89,71,12
"Matthew Kanwisher","matt@kanwisher.com","matt@kanwisher.com","2015-10-01",145,1,1
"Richard Hartmann","rih@space.net","rih@space.net","2015-11-01",1,1,1
"Julius Volz","julius.volz@gmail.com","Self","2016-01-01",748,14,12
"stuart nelson","stuartnelson3@gmail.com","stuartnelson3@gmail.com","2015-06-01",397,131,9
"Kevin Lyda","kevin@ie.suberic.net","kevin@ie.suberic.net","2015-11-01",60,0,1
"Fabian Reinartz","fab.reinartz@gmail.com","CoreOS","2016-02-01",3405,3358,91
"Julius Volz","julius@soundcloud.com","julius@soundcloud.com","2015-05-01",6340,3211,97
"beorn7","beorn@soundcloud.com","beorn@soundcloud.com","2016-04-01",241,251,5
"Steve Durrheimer","s.durrheimer@gmail.com","s.durrheimer@gmail.com","2015-05-01",24,13,2
"Quentin Fulsher","qfulsher@gmail.com","qfulsher@gmail.com","2015-10-01",443,343,2
"Nicky Gerritsen","nicky@streamone.nl","nicky@streamone.nl","2015-06-01",85,6,2
"Matthias Rampke","mr@soundcloud.com","SoundCloud","2015-05-01",29,9,5
"Sylvain Veyrié","sve@transparencyrights.com","sve@transparencyrights.com","2016-03-01",3,2,1
"Arnout Engelen","arnouten@bzzt.net","arnouten@bzzt.net","2015-06-01",66,21,5
"Fabian Reinartz","fab.reinartz@gmail.com","CoreOS","2015-11-01",5247,3746,100
"Roman Vynar","roman.vynar@percona.com","roman.vynar@percona.com","2016-02-01",494,102,12
"Tobias Schmidt","ts@soundcloud.com","SoundCloud","2016-01-01",131026,445,54
"Jonathon Klobucar","crabclaw@automatic.com","crabclaw@automatic.com","2016-03-01",128,2,2
"Alon Pe'er","alon.peer@soundcloud.com","alon.peer@soundcloud.com","2015-09-01",1,1,1
"Jimmi Dyson","jimmidyson@gmail.com","Red Hat","2015-09-01",363,159,8
"beorn7","beorn@soundcloud.com","beorn@soundcloud.com","2015-10-01",3,1,3
"Tobias Schmidt","ts@soundcloud.com","SoundCloud","2015-05-01",19,15,7
"William Kennedy","bill@ardanstudios.com","bill@ardanstudios.com","2015-08-01",12,0,2
"Björn Rabenstein","bjoern@rabenste.in","bjoern@rabenste.in","2015-08-01",0,0,3
"beorn7","beorn@soundcloud.com","beorn@soundcloud.com","2015-09-01",252,7347,18
"Matt Crane","mcrane@snapbug.geek.nz","mcrane@snapbug.geek.nz","2015-08-01",1,1,1
"Artur Rodrigues","arturhoo@gmail.com","arturhoo@gmail.com","2015-08-01",7,5,4
"Denis Fondras","github@ggl.ledeuns.net","github@ggl.ledeuns.net","2015-10-01",4,3,1
"Luka Furlan","luka@evriala.net","luka@evriala.net","2016-02-01",2,0,1
"Jimmi Dyson","jimmidyson@gmail.com","Red Hat","2015-07-01",1512,60,2
"Brian Brazil","brian-brazil@users.noreply.github.com","brian-brazil@users.noreply.github.com","2015-09-01",2661,616,84
"cherti","cherti@letopolis.de","cherti@letopolis.de","2015-07-01",1,1,1
"Michal Mazurek","akfaew@gmail.com","akfaew@gmail.com","2015-10-01",17,27,3
"Limbo Peng","iwinux@gmail.com","iwinux@gmail.com","2015-11-01",1,1,1
"Michael Stapelberg","michael@stapelberg.de","michael@stapelberg.de","2016-04-01",33,0,1
"Matthias Rampke","mr@soundcloud.com","SoundCloud","2016-04-01",25,3,3
"Andy Woodard","andyjwoodard@gmail.com","andyjwoodard@gmail.com","2016-04-01",1,1,1
"Ken Herner","chosenken@gmail.com","chosenken@gmail.com","2015-09-01",294,17,5
"Chad Williamson","chad@vynca.org","chad@vynca.org","2016-04-01",92,110,3
"Anders Schuller","andersschuller@gmail.com","andersschuller@gmail.com","2015-10-01",23,20,3
"Björn Rabenstein","bjoern@rabenste.in","bjoern@rabenste.in","2015-09-01",0,0,19
