"Name","Email","Affliation","Date","Added","Removed","Changesets"
"Menghan Li","menghanl@google.com","Google","2017-01-01",196,275,2
"Lizan Zhou","zlizan@google.com","Google","2016-10-01",13,3,1
"Masood Malekghassemi","atash@google.com","Google","2016-11-01",47,25,9
"igorpeshansky","igorpeshansky@users.noreply.github.com","igorpeshansky@users.noreply.github.com","2016-12-01",1,1,1
"Kenji Kaneda","kenji.kaneda@gmail.com","kenji.kaneda@gmail.com","2017-01-01",0,1,1
"adelez","adelez@google.com","Google","2017-01-01",0,0,1
"Mike Wiacek","mike@iroot.net","mike@iroot.net","2016-10-01",1,1,1
"kpayson64","kpayson@google.com","Google","2016-11-01",142,53,5
"Jan Tattermusch","jtattermusch@google.com","Google","2016-10-01",497,228,31
"Jan Tattermusch","jtattermusch@users.noreply.github.com","jtattermusch@users.noreply.github.com","2016-12-01",1401,943,41
"David G. Quintas","dgq@google.com","Google","2016-10-01",388,340,13
"@DEFSTREAM","defstream@users.noreply.github.com","defstream@users.noreply.github.com","2016-12-01",1,1,1
"Craig Tiller","ctiller@google.com","Google","2017-01-01",4367,1618,104
"Thibault Riviere","thibault.riviere@scality.com","thibault.riviere@scality.com","2016-12-01",3,2,1
"Nicolas Noble","nicolasnoble@users.noreply.github.com","nicolasnoble@users.noreply.github.com","2017-01-01",0,0,4
"Jorge Canizales","jcanizales@google.com","Google","2016-10-01",37,20,4
"Carl Mastrangelo","carl-mastrangelo@users.noreply.github.com","carl-mastrangelo@users.noreply.github.com","2016-10-01",89,54,5
"Kenji Kaneda","kenji.kaneda@gmail.com","kenji.kaneda@gmail.com","2016-11-01",0,3,1
"Eric Anderson","ejona@google.com","Google","2017-01-01",18,12,4
"Makarand Dharmapurikar","makarandd@google.com","Google","2016-10-01",84,10,2
"Makarand Dharmapurikar","makarandd@google.com","Google","2016-11-01",982,0,1
"Sree Kuchibhotla","sreek@google.com","Google","2017-01-01",87,87,6
"kpayson64","kpayson@google.com","Google","2016-12-01",45,105,9
"Anuraag Agrawal","anuraaga@gmail.com","anuraaga@gmail.com","2016-12-01",5,11,1
"Qi Zhao","toqizhao@gmail.com","toqizhao@gmail.com","2016-11-01",356,41,14
"Muxi Yan","mxyan@google.com","Google","2016-10-01",2532,2003,47
"Mario Emmenlauer","mario@emmenlauer.de","mario@emmenlauer.de","2017-01-01",75,75,4
"Muxi Yan","mxyan@google.com","Google","2017-01-01",1506,832,15
"Yuan He","lendage@gmail.com","lendage@gmail.com","2016-11-01",15,6,1
"lyuxuan","yuxuanli@google.com","Google","2016-10-01",283,267,6
"Yuan He","lendage@gmail.com","lendage@gmail.com","2016-12-01",0,3,1
"Paul Querna","pquerna@apache.org","Apache","2016-11-01",1,1,1
"Masood Malekghassemi","atash@google.com","Google","2016-10-01",946,274,14
"chadgates","chadgates@users.noreply.github.com","chadgates@users.noreply.github.com","2016-11-01",1,1,1
"siddharthshukla","siddharthshukla@outlook.com","siddharthshukla@outlook.com","2016-12-01",1,1,1
"msample","msample@users.noreply.github.com","msample@users.noreply.github.com","2017-01-01",288,20,1
"yang-g","yangg@google.com","Google","2017-01-01",308,166,19
"Jorge Canizales","jcanizales@google.com","Google","2016-12-01",0,0,1
"Michal Witkowski","michal@improbable.io","michal@improbable.io","2016-11-01",778,37,9
"Josh Toft","josh@wealthfront.com","josh@wealthfront.com","2016-12-01",4,0,1
"dave","dprotaso@gmail.com","dprotaso@gmail.com","2016-11-01",32,10,3
"Ryan","ryanvo@users.noreply.github.com","ryanvo@users.noreply.github.com","2016-11-01",1,1,1
"Nicolas Noble","nicolasnoble@users.noreply.github.com","nicolasnoble@users.noreply.github.com","2016-10-01",0,0,5
"Garrett Casto","gcasto@google.com","Google","2016-10-01",38,7,2
"Ronak Jain","ronakjain@outlook.in","ronakjain@outlook.in","2016-12-01",1,1,1
"Qi Zhao","toqizhao@gmail.com","toqizhao@gmail.com","2016-10-01",19,13,4
"Hanzhao Lin","magicae@users.noreply.github.com","magicae@users.noreply.github.com","2016-11-01",1,1,1
"Craig Tiller","ctiller@google.com","Google","2016-12-01",3308,3978,135
"MakMukhi","mmukhi@google.com","Google","2016-10-01",25,24,3
"Nicolas Noble","nicolasnoble@users.noreply.github.com","nicolasnoble@users.noreply.github.com","2016-12-01",0,0,1
"Noah Eisen","ncteisen@gmail.com","ncteisen@gmail.com","2016-11-01",1104,210,23
"Mark D. Roth","roth@google.com","Google","2016-10-01",4548,6519,48
"Jan Tattermusch","jtattermusch@google.com","Google","2016-11-01",3983,576,42
"MakMukhi","mmukhi@google.com","Google","2017-01-01",252,105,4
"Nathaniel Manista","nathaniel@google.com","Google","2016-12-01",1132,696,20
"Matt Kwong","mattkwong@google.com","Google","2016-10-01",508,307,9
"Lennart Kolmodin","kolmodin@gmail.com","kolmodin@gmail.com","2016-11-01",2922,799,41
"Rhys Hiltner","rhys.hiltner@gmail.com","rhys.hiltner@gmail.com","2016-11-01",122,42,1
"Craig Tiller","ctiller@google.com","Google","2016-11-01",16598,14318,215
"makdharma","makdharma@users.noreply.github.com","makdharma@users.noreply.github.com","2016-10-01",0,0,1
"Benjamin Ellenberger","benelot@users.noreply.github.com","benelot@users.noreply.github.com","2016-11-01",6,5,1
"Qi Zhao","toqizhao@gmail.com","toqizhao@gmail.com","2017-01-01",0,0,1
"yang-g","yangg@google.com","Google","2016-11-01",3484,782,33
"ZHANG Dapeng","zdapeng@google.com","Google","2017-01-01",10,8,1
"Matias Insaurralde","matias@insaurral.de","matias@insaurral.de","2016-11-01",5,0,1
"Michael Lumish","mlumish@google.com","Google","2017-01-01",47,22,15
"Matt Kwong","mattkwong@google.com","Google","2016-12-01",27,1,5
"ZHANG Dapeng","zdapeng@google.com","Google","2016-11-01",2037,171,8
"Adele Zhou","adelez@adelez2.mtv.corp.google.com","Google","2016-12-01",2,0,1
"Kun Zhang","zhangkun83@users.noreply.github.com","zhangkun83@users.noreply.github.com","2017-01-01",3362,436,6
"Matt Kwong","mattkwong@google.com","Google","2017-01-01",895,37,1
"Tim Burks","timburks@google.com","Google","2017-01-01",6795,49890,58
"Yuchen Zeng","y-zeng@users.noreply.github.com","y-zeng@users.noreply.github.com","2016-12-01",57,31,9
"Maciej Lasyk","docent.net@gmail.com","docent.net@gmail.com","2016-10-01",4,1,1
"Vladimir Kochnev","hashtable@yandex.ru","hashtable@yandex.ru","2016-12-01",113,19,2
"Lennart Kolmodin","kolmodin@gmail.com","kolmodin@gmail.com","2016-10-01",29,23,4
"htuch","h.github@tuch.id.au","h.github@tuch.id.au","2017-01-01",198,21,1
"kpayson64","kpayson@google.com","Google","2016-10-01",0,0,1
"apolcyn","apolcyn@google.com","Google","2016-11-01",1778,461,27
"Makarand Dharmapurikar","makarandd@google.com","Google","2016-12-01",396,286,7
"Craig Tiller","ctiller@google.com","Google","2016-10-01",31819,9963,140
"Thomas Habets","thomashabets@users.noreply.github.com","thomashabets@users.noreply.github.com","2016-11-01",3,4,2
"Garrett Casto","gcasto@chromium.org","gcasto@chromium.org","2016-11-01",350,314,4
"Nathaniel Manista","nathaniel@google.com","Google","2017-01-01",0,0,2
"Robbie Shade","rjshade@google.com","Google","2016-11-01",2,0,1
"Nathaniel Manista","nathaniel@google.com","Google","2016-11-01",62,44,5
"Kailash Sethuraman","hsaliak@gmail.com","hsaliak@gmail.com","2017-01-01",190,30,6
"thinkerou","thinkerou@gmail.com","thinkerou@gmail.com","2017-01-01",36,50,1
"Paul Marks","paul@pmarks.net","paul@pmarks.net","2016-11-01",68,50,5
"Ian Macalinao","me@ian.pw","me@ian.pw","2016-11-01",6,3,1
"Wenbo Zhu","wenboz@google.com","Google","2016-11-01",152,2,2
"Nishidha","nishidha@us.ibm.com","IBM","2016-10-01",5,1,1
"bhs","bensigelman@users.noreply.github.com","bensigelman@users.noreply.github.com","2016-10-01",5,0,2
"Stanley Cheung","stanleycheung@google.com","Google","2017-01-01",116,39,8
"Tim Burks","timburks@google.com","Google","2016-12-01",1622,993,15
"Perumaal S","perumaal@chromium.org","perumaal@chromium.org","2016-10-01",1,1,1
"Mario Emmenlauer","mario@emmenlauer.de","mario@emmenlauer.de","2016-12-01",50,42,6
"Tim Burks","timburks@google.com","Google","2016-10-01",490,543,7
"Steve Jenson","stevej@buoyant.io","stevej@buoyant.io","2017-01-01",1,0,1
"bluehallu","bluehallu@gmail.com","bluehallu@gmail.com","2016-12-01",4,2,2
"Menghan Li","menghanl@google.com","Google","2016-12-01",182,420,3
"Kun Zhang","zhangkun83@users.noreply.github.com","zhangkun83@users.noreply.github.com","2016-12-01",3993,340,14
"lyuxuan","yuxuanli@google.com","Google","2016-11-01",1605,113,10
"apolcyn","apolcyn@google.com","Google","2016-12-01",261,148,20
"yang-g","yangg@google.com","Google","2016-10-01",0,0,2
"lipixun","lipixun@gmail.com","lipixun@gmail.com","2017-01-01",2,0,1
"Eric Gribkoff","ericgribkoff@google.com","Google","2016-12-01",976,65,6
"Robbie Shade","rjshade@google.com","Google","2016-10-01",2,2,1
"Stanley Cheung","stanley.cheung@gmail.com","stanley.cheung@gmail.com","2016-11-01",0,0,1
"Kun Zhang","zhangkun83@users.noreply.github.com","zhangkun83@users.noreply.github.com","2016-11-01",1504,28,6
"Dan Born","dborn@google.com","Google","2016-12-01",7,0,1
"Matt Kwong","mattkwong@google.com","Google","2016-11-01",106,30,16
"Michal Witkowski","michal@improbable.io","michal@improbable.io","2016-12-01",1901,269,21
"Eric Anderson","ejona@google.com","Google","2016-12-01",23,25,7
"linuxerwang","linuxerwang@gmail.com","linuxerwang@gmail.com","2016-11-01",26,5,1
"Vladimir Rutsky","rutsky@users.noreply.github.com","Buildbot","2016-12-01",4,0,1
"Adam Michalik","xyzzyz@google.com","Google","2016-11-01",8,6,1
"Lennart Kolmodin","kolmodin@gmail.com","kolmodin@gmail.com","2016-12-01",720,223,26
"Masood Malekghassemi","atash@google.com","Google","2017-01-01",160,79,4
"siddharthshukla","siddharthshukla@outlook.com","siddharthshukla@outlook.com","2016-11-01",265,7,3
"Jan Tattermusch","jtattermusch@users.noreply.github.com","jtattermusch@users.noreply.github.com","2017-01-01",30,150,10
"Harvey Tuch","htuch@google.com","Google","2016-10-01",514,657,4
"Makarand Dharmapurikar","makarandd@google.com","Google","2017-01-01",158,48,5
"yang-g","yangg@google.com","Google","2016-12-01",2577,880,27
"Lizan Zhou","zlizan@google.com","Google","2016-12-01",464,96,2
"Jayant Kolhe","jkolhe@google.com","Google","2016-11-01",1,1,1
"Johan Sim Jian An","johansja@gmail.com","johansja@gmail.com","2017-01-01",73,35,1
"LisaFC","lcarey@google.com","Google","2016-11-01",0,0,1
"Vijay Pai","vpai@google.com","Google","2016-11-01",730,1703,26
"adelez","adelez@google.com","Google","2016-12-01",65,68,2
"Unknown hacker","unknown@hacker.net","unknown@hacker.net","2017-01-01",737,116,9
"ZHANG Dapeng","zdapeng@google.com","Google","2016-12-01",272,207,3
"Jozef Izso","jozef.izso@gmail.com","jozef.izso@gmail.com","2017-01-01",2,2,1
"Nathan Borror","nathan@nathanborror.com","nathan@nathanborror.com","2016-10-01",2,2,1
"makdharma","makdharma@users.noreply.github.com","makdharma@users.noreply.github.com","2017-01-01",0,0,3
"Michael Lumish","mlumish@google.com","Google","2016-12-01",478,204,13
"Vijay Pai","vpai@google.com","Google","2016-12-01",46,11,5
"Eric Gribkoff","ericgribkoff@google.com","Google","2017-01-01",3572,253,9
"Unknown hacker","unknown@hacker.net","unknown@hacker.net","2016-10-01",2574,3572,14
"Jorg Heymans","jorg.heymans@gmail.com","jorg.heymans@gmail.com","2017-01-01",4,5,1
"Łukasz Strzałkowski","lukasz.strzalkowski@gmail.com","lukasz.strzalkowski@gmail.com","2016-11-01",1,1,1
"Kenji Kaneda","kaneda@squareup.com","kaneda@squareup.com","2016-12-01",8,7,2
"Philip I. Thomas","mail@philipithomas.com","mail@philipithomas.com","2016-10-01",11,7,1
"Travis Cline","travis.cline@gmail.com","travis.cline@gmail.com","2017-01-01",217,95,7
"Sree Kuchibhotla","sreek@google.com","Google","2016-11-01",1203,690,17
"Clive Young","yang.clive@gmail.com","yang.clive@gmail.com","2016-11-01",2,2,1
"makdharma","makdharma@users.noreply.github.com","makdharma@users.noreply.github.com","2016-12-01",0,0,2
"Unknown hacker","unknown@hacker.net","unknown@hacker.net","2016-11-01",1,4,1
"Noah Eisen","ncteisen@google.com","Google","2016-10-01",711,136,26
"Yuchen Zeng","zyc@google.com","Google","2016-11-01",1120,689,46
"Menghan Li","menghanl@google.com","Google","2016-10-01",1343,142,11
"Lukasz Strzalkowski","lukasz@squareup.com","lukasz@squareup.com","2016-12-01",1,6,2
"Stanley Cheung","stanley.cheung@gmail.com","stanley.cheung@gmail.com","2016-10-01",2,2,3
"Eric Gribkoff","ericgribkoff@google.com","Google","2016-11-01",13362,18,3
"lyuxuan","yuxuanli@google.com","Google","2017-01-01",0,0,4
"Eric Gribkoff","ericgribkoff@google.com","Google","2016-10-01",781,506,3
"Wayne Zhang","qiwzhang@google.com","Google","2016-12-01",10671,1401,4
"rlhh","ryan.rlhh@gmail.com","ryan.rlhh@gmail.com","2016-11-01",10,13,1
"Claudiu Coman","claud.coman@gmail.com","claud.coman@gmail.com","2016-10-01",1,0,1
"Mark D. Roth","roth@google.com","Google","2017-01-01",847,406,16
"Mark Mandel","mark.mandel@gmail.com","mark.mandel@gmail.com","2016-11-01",20407,50029,4
"Michael Lumish","mlumish@google.com","Google","2016-10-01",407,193,39
"Eric Anderson","ejona@google.com","Google","2016-10-01",20,34,2
"Kailash Sethuraman","hsaliak@gmail.com","hsaliak@gmail.com","2016-12-01",2,0,1
"Carl Mastrangelo","notcarl@google.com","Google","2017-01-01",495,184,11
"David G. Quintas","dgq@google.com","Google","2016-12-01",1279,304,21
"Sree Kuchibhotla","sreek@google.com","Google","2016-12-01",816,597,13
"Unknown hacker","unknown@hacker.net","unknown@hacker.net","2016-12-01",0,0,1
"Tim Burks","timburks@google.com","Google","2016-11-01",1224,382,15
"jagij","jan.willem.ps@gmail.com","jan.willem.ps@gmail.com","2016-11-01",6,0,1
"Julien Boeuf","jboeuf@google.com","Google","2016-11-01",121,9,1
"Muxi Yan","mxyan@google.com","Google","2016-11-01",501,292,35
"Feng Li","fengli@google.com","Google","2016-11-01",0,0,2
"Qi Zhao","toqizhao@gmail.com","toqizhao@gmail.com","2016-12-01",229,33,3
"Jakob Buchgraber","bucjac@gmail.com","bucjac@gmail.com","2016-10-01",47,86,1
"David Klempner","klempner@google.com","Google","2016-11-01",21,10,2
"Kailash Sethuraman","hsaliak@gmail.com","hsaliak@gmail.com","2016-11-01",0,0,5
"Menghan Li","menghanl@google.com","Google","2016-11-01",2721,1463,45
"Yuchen Zeng","y-zeng@users.noreply.github.com","y-zeng@users.noreply.github.com","2016-10-01",448,269,12
"Vijay Pai","vpai@google.com","Google","2016-10-01",312,315,11
"Stanley Cheung","stanley.cheung@gmail.com","stanley.cheung@gmail.com","2016-12-01",0,0,1
"Muxi Yan","muxi@users.noreply.github.com","muxi@users.noreply.github.com","2016-12-01",25,22,7
"MakMukhi","mmukhi@google.com","Google","2016-11-01",344,96,8
"jboeuf","jboeuf@users.noreply.github.com","jboeuf@users.noreply.github.com","2016-12-01",0,0,1
"Carl Mastrangelo","notcarl@google.com","Google","2016-11-01",290,196,10
"Bryan Blanchard","bryan.blanchard@gmail.com","bryan.blanchard@gmail.com","2016-12-01",12,2,1
"Guillaume Fillon","guillaume@wercker.com","guillaume@wercker.com","2016-10-01",2,2,1
"Michael Avrukin","mavrukin@gmail.com","mavrukin@gmail.com","2016-12-01",2,1,1
"Noah Eisen","ncteisen@gmail.com","ncteisen@gmail.com","2016-12-01",903,65,16
"Fokke Zandbergen","mail@fokkezb.nl","mail@fokkezb.nl","2016-11-01",2,2,1
"Eric Anderson","ejona@google.com","Google","2016-11-01",3,6,3
"apolcyn","apolcyn@google.com","Google","2017-01-01",104,347,12
"thinkerou","thinkerou@gmail.com","thinkerou@gmail.com","2016-11-01",11,9,1
"MakMukhi","mmukhi@google.com","Google","2016-12-01",238,20,9
"randvis","randvis@users.noreply.github.com","randvis@users.noreply.github.com","2016-12-01",2,2,1
"Carl Mastrangelo","notcarl@google.com","Google","2016-12-01",380,139,12
"thinkerou","thinkerou@gmail.com","thinkerou@gmail.com","2016-10-01",2,2,1
"David G. Quintas","dgq@google.com","Google","2016-11-01",1410,954,84
"apolcyn","apolcyn@google.com","Google","2016-10-01",337,69,14
"thinkerou","thinkerou@gmail.com","thinkerou@gmail.com","2016-12-01",68,49,1
"Travis Cline","travis.cline@gmail.com","travis.cline@gmail.com","2016-11-01",743,407,18
"Mark D. Roth","roth@google.com","Google","2016-11-01",94641,80034,124
"Masood Malekghassemi","atash@google.com","Google","2016-12-01",248,315,38
"bhs","bensigelman@users.noreply.github.com","bensigelman@users.noreply.github.com","2016-11-01",0,0,1
"Gyu-Ho Lee","gyuhox@gmail.com","CoreOS","2016-10-01",4,1,2
"Łukasz Strzałkowski","lukasz.strzalkowski@gmail.com","lukasz.strzalkowski@gmail.com","2016-12-01",1281,21,2
"Mark D. Roth","roth@google.com","Google","2016-12-01",2269,1875,82
"Michael Lumish","mlumish@google.com","Google","2016-11-01",361,166,25
"Noah Eisen","ncteisen@gmail.com","ncteisen@gmail.com","2017-01-01",401,236,25
"LisaFC","lcarey@google.com","Google","2017-01-01",4,4,7
"Sree Kuchibhotla","sreek@google.com","Google","2016-10-01",388,319,38
"Stanislav Pavlovichev","pavlovichev@coccoc.com","pavlovichev@coccoc.com","2016-10-01",8,8,1
"Joey Bratton","joey@joeyb.org","joey@joeyb.org","2016-12-01",446,26,1
