"Name","Email","Affliation","Date","Added","Removed","Changesets"
"deads2k","deads@redhat.com","Red Hat","2015-08-01",46,16,1
"Matt Moore","mattmoor@google.com","Google","2015-11-01",6,24,1
"Prashanth Balasubramanian","beeps@google.com","Google","2016-01-01",13906,4358,19
"Aaron Davidson","aaron@databricks.com","Databricks","2016-01-01",2,1,1
"Jeff Grafton","jgrafton@google.com","Google","2016-01-01",47,29,6
"Jeff Lowdermilk","jeffml@google.com","Google","2015-11-01",107,51,12
"Piotr Szczesniak","pszczesniak@google.com","Google","2015-10-01",421,259,24
"Brian Rosner","brian@brosner.com","Eldarion, Inc.","2016-02-01",1,0,1
"Till Backhaus","till@backha.us","till@backha.us","2015-12-01",0,1,1
"Alex Robinson","arob@google.com","Google","2016-01-01",42,30,6
"zhengguoyong","zhenggouyong.zheng@huawei.com","Huawei","2015-10-01",191,252,9
"Fabio Yeon","fabioy@users.noreply.github.com","fabioy@users.noreply.github.com","2015-10-01",9,18,1
"Lantao Liu","lantaol@google.com","Google","2015-10-01",119,87,2
"Martin Nagy","mnagy@redhat.com","Red Hat","2015-11-01",1,3,2
"Ben Parees","bparees@redhat.com","Red Hat","2016-01-01",21,9,1
"Michael Faille","michael@faille.io","michael@faille.io","2016-01-01",3,1,2
"tummychow","sjung@squareup.com","Square","2015-09-01",1,2,1
"Derek Gonyeo","derek.gonyeo@coreos.com","CoreOS","2015-11-01",293,49,2
"Brendan Burns","bburns@google.com","Microsoft","2016-01-01",323,37,7
"derekwaynecarr","decarr@redhat.com","Red Hat","2015-09-01",556,33,10
"James DeFelice","james@mesosphere.io","Mesosphere","2015-11-01",326,95,3
"Matt Liggett","mml@google.com","Google","2016-02-01",18,7,4
"Yu-Ju Hong","yjhong@google.com","Google","2016-02-01",223,189,22
"Deyuan Deng","deyuan.deng@gmail.com","Caicloud","2015-10-01",18,5,2
"vollschwitz","alexander.vollschwitz@est.fujitsu.com","Fujitsu","2015-10-01",88,35,1
"Lukasz Zajaczkowski","lukasz.zajaczkowski@ts.fujitsu.com","Fujitsu","2016-02-01",0,1,1
"Justin Santa Barbara","justin@fathomdb.com","FathomDB","2015-12-01",79,67,2
"Mathias Lafeldt","mathias.lafeldt@gmail.com","Gremlin, Inc.","2015-12-01",1,1,1
"Jay Lau","jay.lau.513@gmail.com","NotFound","2015-12-01",2,3,2
"Brian Grant","briangrant@google.com","Google","2015-10-01",99,76,8
"Sami Wagiaalla","swagiaal@redhat.com","Red Hat","2016-02-01",32,17,4
"Derek Parker","derek.parker@coreos.com","CoreOS","2015-09-01",3,1,1
"Ravi L R","ravilr@yahoo-inc.com","Yahoo","2015-11-01",22,2,1
"Zach Loafman","zml@google.com","Google","2016-03-01",27,1,2
"HAI HUANG","haih@us.ibm.com","IBM","2016-02-01",245,2,3
"Daniel Smith","dbsmith@google.com","Google","2015-09-01",161,65,3
"Brandon Philips","brandon.philips@coreos.com","CoreOS","2015-12-01",3,3,1
"Andy Zheng","qzheng@google.com","Google","2015-12-01",132,69,4
"Jeff Grafton","jgrafton@google.com","Google","2015-12-01",16,12,6
"Matt Liggett","mml@google.com","Google","2015-11-01",7,2,2
"Brad Erickson","eosrei@gmail.com","Udacity","2015-11-01",235,333,18
"Sebastien LAWNICZAK","sebastien.lawniczak@orange.com","sebastien.lawniczak@orange.com","2015-09-01",8,10,1
"Piotr Szczesniak","pszczesniak@google.com","Google","2015-09-01",48,46,6
"Marcin Wielgus","mwielgus@google.com","Google","2015-11-01",19,147,2
"Tim St. Clair","stclair@google.com","Google","2015-12-01",642,199,14
"Eric Tune","etune@google.com","Google","2015-12-01",741,71,10
"Jeff Lowdermilk","jeffml@google.com","Google","2016-03-01",0,12,2
"Tim Hockin","thockin@google.com","Google","2015-10-01",651,352,16
"Saad Ali","saadali@google.com","Google","2015-11-01",264,114,3
"Jan Safranek","jsafrane@redhat.com","Red Hat","2016-02-01",507,103,9
"Timothy St. Clair","tstclair@redhat.com","Red Hat","2015-11-01",407,618,4
"nikhiljindal","nikhiljindal@google.com","Google","2015-09-01",391,112,5
"AdoHe","coolhzb@163.com","Net EASE 网易有态度","2016-02-01",391,418,10
"deads2k","deads@redhat.com","Red Hat","2015-09-01",437,192,7
"Fabio Yeon","fabioy@users.noreply.github.com","fabioy@users.noreply.github.com","2015-12-01",1,11,1
"zhengguoyong","zhenggouyong.zheng@huawei.com","Huawei","2015-12-01",0,1,1
"Maciej Szulik","maszulik@redhat.com","Red Hat","2015-07-01",112,0,1
"nikhiljindal","nikhiljindal@google.com","Google","2015-12-01",186,399,5
"Eric Paris","eparis@redhat.com","Red Hat","2015-12-01",7,5,2
"Avesh Agarwal","avagarwa@redhat.com","Red Hat","2016-02-01",75,16,5
"Karl Isenberg","karl@mesosphere.io","Mesosphere","2015-12-01",190,51,2
"Aaron Levy","aaron.levy@coreos.com","CoreOS","2015-11-01",52,41,2
"Christopher M. Luciano","cmluciano@us.ibm.com","IBM","2015-11-01",15,7,1
"liangchenye","liangchenye@huawei.com","Huawei","2016-02-01",136,24,2
"Vicken Simonian","vsimon@gmail.com","Oblong Industries","2016-02-01",0,1,1
"ZhuPeng","zhupengbupt@gmail.com","zhupengbupt@gmail.com","2015-11-01",1,0,1
"bryk","bryk@google.com","Google","2016-01-01",62,54,1
"Federico Gimenez","fgimenez@coit.es","fgimenez@coit.es","2015-12-01",2,1,2
"Hongchao Deng","hongchaodeng1@gmail.com","CoreOS","2015-12-01",240,66,5
"Brendan Burns","bburns@google.com","Microsoft","2015-12-01",1314,142,17
"Sami Wagiaalla","swagiaal@redhat.com","Red Hat","2015-10-01",571,178,4
"darron froese","darron@froese.org","SalesForce","2015-09-01",2,0,1
"Seth Jennings","sjenning@redhat.com","Red Hat","2016-03-01",1,0,1
"James Ravn","james@r-vn.org","Sky","2015-12-01",10,3,1
"David Oppenheimer","davidopp@google.com","Google","2015-10-01",28,0,2
"Karl Isenberg","karl@mesosphere.io","Mesosphere","2015-11-01",521,222,8
"Janet Kuo","chiachenk@google.com","Google","2015-10-01",746,280,22
"feisky","feiskyer@gmail.com","Hyper.sh","2016-02-01",0,1,1
"Zach Loafman","zml@google.com","Google","2015-10-01",317,275,8
"Madhusudan.C.S","madhusudancs@google.com","Google","2016-01-01",3189,531,15
"Andy Goldstein","agoldste@redhat.com","Red Hat","2015-07-01",34,2,1
"jijun2","jijun2@huawei.com","Huawei","2015-09-01",3,2,2
"Yu-Ju Hong","yjhong@google.com","Google","2015-08-01",433,14,3
"Paul Weil","pweil@redhat.com","Red Hat","2016-02-01",6,364,2
"Mike Spreitzer","mspreitz@us.ibm.com","IBM","2015-12-01",1,1,1
"root","root@fox.dumbain.net","root@fox.dumbain.net","2015-08-01",0,2,1
"Magnus Kulke","magnus.kulke@thinkstep.com","thinkstep","2016-02-01",0,1,1
"Tom Benner","tombenner@gmail.com","Entelo","2015-12-01",2,2,1
"Trevor Pounds","trevor.pounds@gmail.com","Epic Games","2015-11-01",7304,570,3
"Abhi Shah","abshah@google.com","Google","2016-03-01",39,51,1
"Ananth Suryanarayana","anantharamu@gmail.com","Juniper Networks","2015-10-01",47,1,1
"Klaus Ma","klaus1982.cn@gmail.com","IBM","2015-11-01",0,1,1
"André Martins","aanm90@gmail.com","Cisco","2016-01-01",19,6,1
"Vishnu kannan","vishnuk@google.com","Google","2015-09-01",175,72,7
"Isaac Hollander McCreery","ihmccreery@google.com","Google","2016-03-01",17,24,2
"Jake","i@am.so-aweso.me","i@am.so-aweso.me","2016-02-01",14,9,1
"RichieEscarez","rescarez@google.com","Google","2015-10-01",108,47,2
"Chao Xu","xuchao@google.com","Google","2016-02-01",4649,885,28
"Andy Zheng","qzheng@google.com","Google","2016-02-01",556,198,4
"Nan Xiao","nan@chinadtrace.org","nan@chinadtrace.org","2016-01-01",0,3,1
"Abhi Shah","abshah@google.com","Google","2015-09-01",1,1,2
"Solly Ross","sross@redhat.com","Red Hat","2015-11-01",56,13,3
"Jan Safranek","jsafrane@redhat.com","Red Hat","2015-11-01",50,33,1
"Fabiano Franz","ffranz@redhat.com","Red Hat","2015-11-01",1796,149,6
"y00278980","yehui2@huawei.com","Huawei","2015-10-01",0,2,1
"Prashanth Balasubramanian","beeps@google.com","Google","2015-11-01",649,190,13
"Jerome Touffe-Blin","jtblin@gmail.com","Atlassian","2016-02-01",29,27,2
"qiaolei","qiaolei2@huawei.com","Huawei","2015-10-01",16,19,4
"Derek Parker","parkerderek86@gmail.com","CoreOS","2015-11-01",0,1,1
"Maru Newby","marun@redhat.com","Red Hat","2015-08-01",63,17,1
"Marek Grabowski","gmarek@google.com","Google","2016-02-01",767,379,49
"Kris","krousey@google.com","Google","2015-10-01",539,471,2
"Filip Grzadkowski","filipg@google.com","Google","2015-12-01",345,91,14
"Wojciech Tyczynski","wojtekt@google.com","Google","2016-01-01",17,51,4
"Yann Simon","yann.simon.fr@gmail.com","leanovate","2015-11-01",0,1,1
"tummychow","sjung@squareup.com","Square","2015-10-01",7,0,1
"Jonathan Boulle","jonathan.boulle@coreos.com","CoreOS","2015-12-01",2,0,1
"Marcin Wielgus","mwielgus@google.com","Google","2016-03-01",50,8,5
"deads2k","deads@redhat.com","Red Hat","2015-10-01",159,155,6
"David McMahon","djmm@google.com","Google","2016-02-01",17213,69,3
"Fabio Yeon","fabioy@google.com","Google","2015-11-01",0,1,1
"Saad Ali","saadali@google.com","Google","2016-02-01",15,2,2
"Paul Morie","pmorie@redhat.com","Red Hat","2015-09-01",949,133,4
"Cole Mickens","cole.mickens@gmail.com","Microsoft","2016-02-01",99,0,1
"Ben Harris","mail@bharr.is","mail@bharr.is","2015-10-01",2,1,1
"mqliang","mqliang.zju@gmail.com","Self","2015-11-01",75,76,12
"Joe Finney","spxtr@google.com","Google","2016-02-01",362,620,26
"jhadvig","jhadvig@redhat.com","Red Hat","2015-12-01",0,1,1
"He Simei","hesimei@zju.edu.cn","Docker","2015-11-01",252,128,13
"Jeff Grafton","jgrafton@google.com","Google","2015-11-01",36,183,10
"Robert Bailey","robertbailey@google.com","Google","2016-02-01",16,18,5
"Alan Gutierrez","alan@prettyrobots.com","Pretty Robots","2015-11-01",0,1,1
"Tim St. Clair","stclair@google.com","Google","2016-03-01",71,30,3
"Hongchao Deng","hongchaodeng1@gmail.com","CoreOS","2015-11-01",47,38,9
"James Munnelly","james.munnelly@potential.co.uk","Jetstack","2015-11-01",98,5,1
"Fabio Yeon","fabioy@google.com","Google","2016-01-01",228,107,1
"Random-Liu","taotaotheripper@gmail.com","Self","2016-03-01",96,140,1
"Adam Sunderland","iterion@gmail.com","Collanthropy, LLC","2015-05-01",13,0,1
"Eric Tune","etune@google.com","Google","2016-02-01",4830,582,26
"Andy Goldstein","agoldste@redhat.com","Red Hat","2015-11-01",10,14,2
"Kirill Kolyshkin","kolyshkin@users.noreply.github.com","kolyshkin@users.noreply.github.com","2016-02-01",0,1,1
"He Simei","hesimei@zju.edu.cn","Docker","2015-12-01",33,29,7
"Filip Grzadkowski","filipg@google.com","Google","2016-02-01",20,4,4
"Harry Zhang","harryzhang@zju.edu.cn","Docker","2016-01-01",901,564,9
"Joe Finney","spxtr@google.com","Google","2016-01-01",231,14,15
"Andy Goldstein","agoldste@redhat.com","Red Hat","2015-12-01",102,1,1
"Paul Morie","pmorie@redhat.com","Red Hat","2015-12-01",279,56,8
"Saad Ali","saadali@google.com","Google","2015-09-01",47,30,2
"Brian Grant","bgrant0607@users.noreply.github.com","Google","2015-09-01",6,76,1
"Tim Hockin","thockin@google.com","Google","2016-03-01",8,5,1
"Peeyush Gupta","peeyushgupta91@gmail.com","IBM","2015-12-01",7,4,1
"Vishnu kannan","vishnuk@google.com","Google","2016-03-01",355,141,5
"Phillip Wittrock","pwittroc@google.com","Google","2015-11-01",410,21,3
"Dhawal Yogesh Bhanushali","dbhanushali@vmware.com","VMware","2016-02-01",35,12,3
"Isaac Hollander McCreery","ihmccreery@google.com","Google","2015-12-01",204,286,23
"Aaron Crickenberger","spiffxp@gmail.com","Samsung","2015-10-01",25,4,1
"gajju26","graut@us.ibm.com","IBM","2015-11-01",8,4,1
"deads2k","deads@redhat.com","Red Hat","2016-03-01",4,0,1
"jijun2","jijun2@huawei.com","Huawei","2015-10-01",108,48,3
"tobad357","tobias.adamson@gmail.com","tobias.adamson@gmail.com","2016-03-01",0,1,1
"Dan Williams","dcbw@redhat.com","Red Hat","2015-10-01",5,0,1
"wulonghui","wulonghui6666@gmail.com","ChinaNetCenter","2015-09-01",21,13,1
"Vishnu kannan","vishnuk@google.com","Google","2015-10-01",280,109,6
"Dr. Stefan Schimanski","stefan.schimanski@gmail.com","Red Hat","2015-10-01",1786,1399,64
"Justin Santa Barbara","justin@fathomdb.com","FathomDB","2015-09-01",106,91,4
"Kris","krousey@google.com","Google","2016-02-01",754,747,4
"Huamin Chen","hchen@redhat.com","Red Hat","2015-09-01",27,9,1
"Brian Grant","briangrant@google.com","Google","2015-11-01",29,15,4
"Maisem Ali","maisem@google.com","Google","2016-02-01",12,6,3
"Erick Fejta","fejta@google.com","Google","2016-02-01",4,10,2
"Daniel Smith","dbsmith@google.com","Google","2016-02-01",344,144,10
"feihujiang","jiangfeihu@huawei.com","Huawei","2015-12-01",86,50,7
"dobbymoodge","jolamb@redhat.com","Red Hat","2016-01-01",14,17,1
"Sergiusz Urbaniak","sur@mesosphere.io","Mesosphere","2015-10-01",1301,477,8
"Madhusudan.C.S","madhusudancs@google.com","Google","2015-10-01",476,83,6
"Yifan Gu","yifan.gu@coreos.com","CoreOS","2015-10-01",247,63,9
"Karl Isenberg","karl@mesosphere.io","Mesosphere","2016-01-01",257,251,9
"Peter McDonnell","petermd@gmail.com","petermd@gmail.com","2016-01-01",3,0,1
"Andy Zheng","qzheng@google.com","Google","2015-11-01",126,87,2
"Filip Grzadkowski","filipg@google.com","Google","2016-01-01",933,36020,4
"Piotr Szczesniak","pszczesniak@google.com","Google","2015-11-01",6,14,8
"Jay Vyas","jay@apache.org","Apache","2015-10-01",220,193,4
"Patrick Galbraith","patg@hp.com","HP","2015-09-01",314,0,1
"Dawn Chen","dawnchen@google.com","Google","2016-02-01",24,14,14
"Alex Robinson","arob@google.com","Google","2016-03-01",6,3,2
"Ihor Dvoretskyi","ihor.dvoretskyi@gmail.com","Mirantis","2016-01-01",1,1,1
"Clayton Coleman","ccoleman@redhat.com","Red Hat","2016-01-01",1405,779,17
"Salvatore Dario Minonne","salvatore-dario.minonne@amadeus.com","Amadeus","2016-01-01",137,121,3
"Quinton Hoole","quinton@google.com","Google","2015-10-01",17,20,7
"Marek Grabowski","gmarek@google.com","Google","2015-09-01",565,86,13
"Quinton Hoole","quinton@google.com","Google","2016-02-01",2,2,2
"Kenneth Evensen","kevensen@redhat.com","Red Hat","2015-09-01",0,2,1
"James DeFelice","james@mesosphere.io","Mesosphere","2015-12-01",19,11,2
"Xiang Li","xiangli.cs@gmail.com","CoreOS","2015-12-01",144,39,6
"Andy Goldstein","agoldste@redhat.com","Red Hat","2016-02-01",82,26,5
"Maru Newby","marun@redhat.com","Red Hat","2016-03-01",51,42,1
"Vladimir Rutsky","rutsky@users.noreply.github.com","Buildbot","2016-02-01",6,10,4
"Maciej Szulik","maszulik@redhat.com","Red Hat","2016-01-01",4,2,1
"yuqi huang","huangyuqi@huawei.com","Huawei","2015-12-01",0,1,1
"Deyuan Deng","deyuan.deng@gmail.com","Caicloud","2015-11-01",1,0,1
"Chao Xu","xuchao@google.com","Google","2015-12-01",3363,749,22
"YuviPanda","yuvipanda@gmail.com","Wikimedia Foundation","2016-01-01",2,3,2
"Jeff Lowdermilk","jeffml@google.com","Google","2015-10-01",235,72,18
"Zach Loafman","zml@google.com","Google","2016-02-01",104,54,10
"Matt McNaughton","mattjmcnaughton@gmail.com","hackmh","2015-10-01",14,12,1
"Dogan Narinc and Yoseph Samuel","yoseph.sultan@sky.uk","yoseph.sultan@sky.uk","2016-02-01",1,1,1
"Matt Liggett","mml@google.com","Google","2015-10-01",816,1,1
"HAI HUANG","haih@us.ibm.com","IBM","2016-03-01",3,5,2
"Xin","xnxin@lm-shc-00950210.corp.ebay.com","eBay","2015-11-01",6,2,2
"Marcin Wielgus","mwielgus@google.com","Google","2015-10-01",321,13,5
"Corey Farwell","coreyf@rwell.org","kickstarter","2015-11-01",0,1,1
"rob boll","robertcboll@gmail.com","robertcboll@gmail.com","2015-12-01",7,0,1
"jet tsang zeon-git","zeon-git@jettsang.com","jet tsang","2016-01-01",1,2,1
"Jeff Lowdermilk","jeffml@google.com","Google","2016-02-01",21,15,4
"Random-Liu","taotaotheripper@gmail.com","Self","2015-11-01",43,91,1
"Janet Kuo","chiachenk@google.com","Google","2016-01-01",1608,156,24
"markturansky","mturansk@redhat.com","Red Hat","2015-10-01",769,203,2
"Daniel Wang","wonderfly@google.com","Google","2016-02-01",96,43,2
"Josh Ellithorpe","josh@apcera.com","Apcera","2016-01-01",2,7,1
"Robert Bailey","robertbailey@google.com","Google","2015-11-01",4,6,2
"Janet Kuo","chiachenk@google.com","Google","2015-11-01",824,291,14
"Mike Danese","mikedanese@google.com","Google","2016-03-01",52,6,2
"André Martins","aanm90@gmail.com","Cisco","2015-10-01",7,15,1
"Thomas Ploch","profiploch@gmail.com","Reizwerk GmbH","2015-12-01",5,2,2
"Yifan Gu","guyifan1121@gmail.com","CoreOS","2016-02-01",3501,1449,11
"Isaac Hollander McCreery","ihmccreery@google.com","Google","2015-11-01",346,280,25
"Lantao Liu","lantaol@google.com","Google","2016-03-01",8,1,1
"Jan Chaloupka","jchaloup@redhat.com","Red Hat","2015-11-01",0,1,1
"Daniele Testa","daniele.testa@gmail.com","daniele.testa@gmail.com","2015-11-01",2,7,1
"Gerti Poppel","gerti.poppel@est.fujitsu.com","Fujitsu","2015-11-01",9,10,1
"ZhenhuaZhang","zhangzhenhua@eoncloud.com.cn","Eon Cloud","2016-03-01",0,1,1
"feisky","feiskyer@gmail.com","Hyper.sh","2015-11-01",63,4,2
"Johannes Scheuermann","johannes.scheuermann@inovex.de","inovex GmbH","2015-11-01",3,8,2
"Clayton Coleman","ccoleman@redhat.com","Red Hat","2016-03-01",2,0,1
"Alexandre González","agonzalezro@gmail.com","jobandtalent","2015-10-01",2,1,1
"Craig Jellick","craig@rancher.com","Rancher Labs","2015-09-01",0,1,1
"Prashanth Balasubramanian","beeps@google.com","Google","2015-09-01",881,85,8
"Timothy St. Clair","tstclair@redhat.com","Red Hat","2015-12-01",227,240,6
"Christoph Held","christoph.held@est.fujitsu.com","Fujitsu","2015-10-01",0,1,1
"Brandon Philips","brandon.philips@coreos.com","CoreOS","2015-11-01",0,1,1
"Justin Santa Barbara","justin@fathomdb.com","FathomDB","2015-07-01",135,0,1
"Mike Lyons","mrlyons@gmail.com","twitch.tv","2015-09-01",0,1,1
"Elson Rodriguez","elson.rodriguez@gmail.com","Intel","2015-10-01",208,25,3
"Dan Mace","dmace@redhat.com","Red Hat","2015-10-01",125,0,1
"Michael Schmidt","michael02.schmidt@sap.com","SAP","2016-02-01",22,2,3
"nikhiljindal","nikhiljindal@google.com","Google","2016-02-01",521,180,16
"Sami Wagiaalla","swagiaal@redhat.com","Red Hat","2015-11-01",46,49,4
"Paul Morie","pmorie@redhat.com","Red Hat","2016-03-01",0,2,1
"Yu-Ju Hong","yjhong@google.com","Google","2015-12-01",158,119,12
"Yifan Gu","yifan.gu@coreos.com","CoreOS","2015-09-01",32,25,2
"Adrien Delorme","adrien.delorme@icloud.com","Apple","2015-11-01",0,2,1
"Dawn Chen","dawnchen@google.com","Google","2015-11-01",2,75,4
"deads2k","deads@redhat.com","Red Hat","2015-12-01",1640,758,16
"Alex Mohr","mohr@google.com","Google","2016-02-01",86,44,1
"Jay Vyas","jay@apache.org","Apache","2015-09-01",4,5,2
"CJ Cullen","cjcullen@google.com","Google","2015-12-01",158,110,1
"Dan Gillespie","dan@redspread.com","Redspread","2016-02-01",2,1,1
"Ewa Socala","socaa@google.com","Google","2015-09-01",42,0,1
"Guohua Ouyang","gouyang@redhat.com","Red Hat","2015-11-01",0,1,1
"Random-Liu","taotaotheripper@gmail.com","Self","2016-02-01",196,91,12
"Brian Grant","briangrant@google.com","Google","2016-02-01",120,136,4
"Maciej Szulik","maszulik@redhat.com","Red Hat","2015-09-01",148,50,2
"hurf","huruifeng@huawei.com","Huawei","2015-12-01",1,0,1
"Seth Jennings","sjenning@redhat.com","Red Hat","2016-02-01",4,6,3
"David Xia","dxia@spotify.com","dxia@spotify.com","2015-12-01",1,1,1
"Harry Zhang","harryzhang@zju.edu.cn","Docker","2015-11-01",97,54,7
"James DeFelice","james@mesosphere.io","Mesosphere","2015-10-01",17677,1806,10
"MikeJeffrey","mikejeffrey@users.noreply.github.com","Google","2015-11-01",0,2,2
"Jimmi Dyson","jimmidyson@gmail.com","Red Hat","2015-12-01",4771,15730,2
"Salvatore Dario Minonne","salvatore-dario.minonne@amadeus.com","Amadeus","2015-12-01",278,174,4
"Derek Parker","derek.parker@coreos.com","CoreOS","2016-01-01",78,9,2
"Chris Kühl","chris@kinvolk.io","CoreOS","2016-02-01",3,6,1
"Michael Schmidt","michael02.schmidt@sap.com","SAP","2015-09-01",9,1,1
"Andy Zheng","qzheng@google.com","Google","2015-10-01",7,3,2
"Michail Kargakis","mkargaki@redhat.com","Red Hat","2016-02-01",179,163,12
"dingh","dinghaiyang@huawei.com","Huawei","2015-09-01",42,29,2
"Chao Xu","xuchao@google.com","Google","2015-10-01",2081,1792,70
"Brendan Burns","bburns@google.com","Microsoft","2015-08-01",66,0,1
"Jordan Liggitt","jliggitt@redhat.com","Red Hat","2015-11-01",1022,139,9
"Lucas Käldström","lucas.kaldstrom@hotmail.co.uk","Rook","2016-01-01",189,90,6
"Eric Chiang","eric.chiang@coreos.com","CoreOS","2016-02-01",636,37,4
"Tony Hsu","gosharplite@gmail.com","Ubisoft","2015-10-01",0,1,1
"Prashanth Balasubramanian","beeps@google.com","Google","2015-10-01",826,32,11
"Wojciech Tyczynski","wojtekt@google.com","Google","2015-10-01",11408,8694,39
"Tamer Tas","tamertas@outlook.com","tamertas@outlook.com","2015-12-01",150,55,5
"Kris","krousey@google.com","Google","2015-11-01",117,267,8
"Greg Swallow","gswallow@gmail.com","Indigo Biosystems","2016-02-01",5,1,1
"Andy Zheng","qzheng@google.com","Google","2016-03-01",40,22,3
"Mike Spreitzer","mspreitz@us.ibm.com","IBM","2016-01-01",9,6,3
"Anish Bhatt","anish@gatech.edu","Georgia Tech","2015-11-01",61,4,2
"Mikaël Cluseau","mcluseau@isi.nc","NotFound","2015-09-01",0,1,1
"Yu-Ju Hong","yjhong@google.com","Google","2015-09-01",165,47,6
"Chao Xu","xuchao@google.com","Google","2015-09-01",178,73,6
"Jan Safranek","jsafrane@redhat.com","Red Hat","2015-10-01",135,7,4
"Josh Wood","j@coreos.com","CoreOS","2016-01-01",23,13,5
"Minhan Xia","mixia@google.com","Google","2015-12-01",52,16,5
"Haoran Wang","haowang@redhat.com","Red Hat","2016-01-01",0,1,1
"mdshuai","dma@redhat.com","Red Hat","2016-03-01",0,1,1
"hardy.jung","arisu1000@gmail.com","arisu1000@gmail.com","2015-09-01",1,1,1
"Marek Grabowski","gmarek@google.com","Google","2015-11-01",279,64,18
"derekwaynecarr","decarr@redhat.com","Red Hat","2015-07-01",33,27,1
"Matthew Farrellee","matt@redhat.com","Red Hat","2016-01-01",0,219,1
"David Pratt","dpratt@ojolabs.com","OJOHome","2016-01-01",6,3,1
"Daniel Smith","dbsmith@google.com","Google","2015-10-01",24771,43,7
"Clayton Coleman","ccoleman@redhat.com","Red Hat","2015-10-01",401,252,17
"David Oppenheimer","davidopp@google.com","Google","2016-02-01",113,63,8
"Jonathan Yu","jawnsy@redhat.com","Red Hat","2016-02-01",5,0,1
"Mike Danese","mikedanese@gmail.com","Google","2015-11-01",679,453,31
"Janet Kuo","chiachenk@google.com","Google","2015-09-01",339,18,4
"Minhan Xia","mixia@google.com","Google","2016-01-01",390,45,10
"Phillip Wittrock","pwittroc@google.com","Google","2016-02-01",946,479,16
"weixu","weixu@appformix.com","Juniper Networks","2016-01-01",3,1,1
"Yagnesh Mistry","yagnesh.mistry@bookmyshow.com","BookMyShow","2016-01-01",1,1,1
"Vishnu kannan","vishnuk@google.com","Google","2015-11-01",357,13,2
"Tim St. Clair","stclair@google.com","Google","2016-02-01",463,278,10
"Jerzy Szczepkowski","jsz@google.com","Google","2015-12-01",97,51,3
"Piotr Szczesniak","pszczesniak@google.com","Google","2016-02-01",1554,351,18
"Maciej Szulik","maszulik@redhat.com","Red Hat","2015-11-01",173,50,2
"bryk","bryk@google.com","Google","2016-03-01",2,2,1
"apeeyush","peeyushagarwal1994@gmail.com","CSE IIT KANPUR","2015-11-01",0,1,1
"Tim Hockin","thockin@google.com","Google","2015-12-01",49135,75,17
"Maciej Szulik","maszulik@redhat.com","Red Hat","2016-02-01",103,125,5
"Marcin Wielgus","mwielgus@google.com","Google","2016-01-01",285,119,6
"Daniel Schonfeld","daniel@schonfeld.org","daniel@schonfeld.org","2016-01-01",47,13,2
"David Oppenheimer","davidopp@google.com","Google","2015-11-01",12,9,1
"Justin Santa Barbara","justin@fathomdb.com","FathomDB","2016-01-01",900,335,34
"Hongchao Deng","hongchaodeng1@gmail.com","CoreOS","2016-01-01",287,181,15
"cephaslr","cephaslr@yahoo.com","cephaslr@yahoo.com","2015-11-01",3,7,1
"Eric Tune","etune@google.com","Google","2016-03-01",41,52,2
"Martin Etmajer","m.etmajer@gmail.com","Dynatrace LLC","2016-02-01",11,6,1
"Jan Safranek","jsafrane@redhat.com","Red Hat","2015-12-01",378,31,8
"Sergey Tiraspolsky","sergey@peek.com","Peek","2016-01-01",0,2,2
"Bayu Aldi Yansyah","bayualdiyansyah@gmail.com","bayualdiyansyah@gmail.com","2015-09-01",0,2,2
"Salvatore Dario Minonne","salvatore-dario.minonne@amadeus.com","Amadeus","2015-10-01",75,29,2
"Jerzy Szczepkowski","jsz@google.com","Google","2015-10-01",706,505,10
"Sergiusz Urbaniak","sur@mesosphere.io","Mesosphere","2015-11-01",36,28,3
"James Ravn and Yoseph Samuel","james.ravn@sky.uk","james.ravn@sky.uk","2016-01-01",63,28,3
"Abhi Shah","abshah@google.com","Google","2015-12-01",68,359,2
"Jeff Grafton","jgrafton@google.com","Google","2016-02-01",41,79,10
"Janet Kuo","chiachenk@google.com","Google","2015-12-01",339,81,10
"deads2k","deads@redhat.com","Red Hat","2016-02-01",1492,293,25
"Matt Hughes","hughes.matt@gmail.com","hughes.matt@gmail.com","2016-02-01",2,0,2
"Michail Kargakis","mkargaki@redhat.com","Red Hat","2015-11-01",418,275,6
"Paul Morie","pmorie@redhat.com","Red Hat","2015-10-01",784,280,6
"Filip Grzadkowski","filipg@google.com","Google","2015-10-01",47,134,6
"Maciej Szulik","maszulik@redhat.com","Red Hat","2015-12-01",169,96,3
"JessiaDing","dingshujie@huawei.com","Huawei","2015-10-01",1,1,1
"Chakravarthy Nelluri","nelcyguy@gmail.com","Diamanti","2015-09-01",867,21,1
"Dan Williams","dcbw@redhat.com","Red Hat","2016-01-01",22,7,1
"Rajat Chopra","rchopra@redhat.com","Red Hat","2015-09-01",518,0,1
"Andy Goldstein","agoldste@redhat.com","Red Hat","2016-03-01",49,10,1
"Rohith","gambol99@gmail.com","Devops","2015-11-01",144,0,1
"Zichang Lin","linzichang@huawei.com","Huawei","2015-11-01",4,13,1
"Alexander","abezzubov@nflabs.com","NFLabs","2015-12-01",0,1,1
"Yu-Ju Hong","yjhong@google.com","Google","2016-03-01",93,26,8
"Tim Hockin","thockin@google.com","Google","2016-02-01",345,198,18
"Avesh Agarwal","avagarwa@redhat.com","Red Hat","2015-09-01",3,8,3
"Kyle Gordon","kyle@lodge.glasgownet.com","kyle@lodge.glasgownet.com","2016-02-01",2,1,1
"Erick Fejta","fejta@google.com","Google","2016-03-01",0,3,1
"twmartin","ty.w.martin@gmail.com","ty.w.martin@gmail.com","2016-03-01",2,3,1
"Kevin","wangzefeng@huawei.com","Huawei","2015-12-01",0,2,1
"Clayton Coleman","ccoleman@redhat.com","Red Hat","2015-09-01",762,150,3
"Amy Unruh","amyu@google.com","Google","2016-02-01",88,29,2
"Michail Kargakis","mkargaki@redhat.com","Red Hat","2015-09-01",36,9,2
"Dawn Chen","dawnchen@google.com","Google","2016-03-01",39,9,4
"mqliang","mqliang.zju@gmail.com","Self","2015-09-01",9,2,2
"Kris","krousey@google.com","Google","2015-12-01",59,85,2
"Christopher Batey","christopher.batey@gmail.com","chbatey","2016-02-01",17,1,1
"Sami Wagiaalla","swagiaal@redhat.com","Red Hat","2016-01-01",59,50,5
"Jimmi Dyson","jimmidyson@gmail.com","Red Hat","2016-01-01",971,412,3
"jhadvig","jhadvig@redhat.com","Red Hat","2015-09-01",61,0,1
"Jordan Liggitt","jliggitt@redhat.com","Red Hat","2016-01-01",103,77,6
"Zichang Lin","linzichang@huawei.com","Huawei","2015-09-01",415,204,5
"Karl Isenberg","karl@mesosphere.io","Mesosphere","2015-10-01",4,2,3
"Mike Danese","mikedanese@google.com","Google","2016-02-01",587,533,18
"Thibault Serot","thibserot@gmail.com","thibserot@gmail.com","2015-12-01",105,7,4
"yeasy","yangbaohua@gmail.com","yangbaohua@gmail.com","2016-03-01",0,1,1
"Aaron Crickenberger","spiffxp@gmail.com","Samsung","2016-01-01",132,12,5
"Andrew Butcher","abutcher@redhat.com","Red Hat","2015-10-01",406,66,3
"AdoHe","coolhzb@163.com","Net EASE 网易有态度","2016-03-01",83,6,2
"derekwaynecarr","decarr@redhat.com","Red Hat","2015-12-01",2,1,1
"Zach Loafman","zml@google.com","Google","2015-11-01",155,58,4
"Andy Spohn","andy@andyspohn.com","andy@andyspohn.com","2015-10-01",1,1,1
"Janet Kuo","chiachenk@google.com","Google","2016-03-01",201,123,17
"Marcin Wielgus","mwielgus@google.com","Google","2015-12-01",0,1,1
"Marek Grabowski","gmarek@google.com","Google","2015-08-01",102,24,1
"Yifan Gu","yifan.gu@coreos.com","CoreOS","2015-11-01",4751,769,8
"Michael Puncel","mpuncel@squareup.com","Square","2015-10-01",1,2,1
"dingh","dinghaiyang@huawei.com","Huawei","2015-11-01",234,12,2
"Jay Vyas","jay@apache.org","Apache","2016-01-01",124,513,2
"Tim Hockin","thockin@google.com","Google","2016-01-01",508,342,11
"liguangbo","liguangbo@huawei.com","Huawei","2015-09-01",42,54,1
"Dr. Stefan Schimanski","stefan.schimanski@gmail.com","Red Hat","2015-09-01",730,504,30
"Dan Mace","dmace@redhat.com","Red Hat","2016-01-01",43,3,1
"Eric Paris","eparis@redhat.com","Red Hat","2015-09-01",701,403,1
"Sylvain Baubeau","sbaubeau@redhat.com","Red Hat","2015-12-01",36,34,1
"Matt Moore","mattmoor@google.com","Google","2015-10-01",8,18,1
"mqliang","mqliang.zju@gmail.com","Self","2015-10-01",201,110,20
"nikhiljindal","nikhiljindal@google.com","Google","2015-11-01",1122,600,11
"Andy Goldstein","agoldste@redhat.com","Red Hat","2015-10-01",569,243,11
"samuel shan","shm.shan@gmail.com","北京天威诚信电子商务服务有限公司","2015-11-01",10,15,1
"Random-Liu","taotaotheripper@gmail.com","Self","2016-01-01",440,541,21
"Kevin","wangzefeng@huawei.com","Huawei","2015-09-01",35,45,3
"Steve Sloka","slokas@upmc.edu","UPMC","2015-11-01",1,2,1
"Jeff Grafton","jgrafton@google.com","Google","2015-10-01",119,49,18
"Justin Santa Barbara","justin@fathomdb.com","FathomDB","2015-11-01",772,162,18
"combk8s","fangying068@gmail.com","fangying068@gmail.com","2015-11-01",0,2,2
"Hitoshi Mitake","mitake.hitoshi@lab.ntt.co.jp","NTT","2016-01-01",0,1,1
"Anastasis Andronidis","anastasis90@yahoo.gr","CERN","2015-08-01",371,2,2
"Rudi Chiarito","rudi@clarifai.com","Clarifai","2016-02-01",311,45,6
"Casey D","casey.davenport@metaswitch.com","Metaswitch","2015-10-01",60,90,2
"Ben Parees","bparees@redhat.com","Red Hat","2016-02-01",6,6,3
"Olivier Lemasle","o.lemasle@gmail.com","Amysta","2016-02-01",13,1,3
"Eric Paris","eparis@redhat.com","Red Hat","2016-01-01",14,12,4
"Casey D","casey.davenport@metaswitch.com","Metaswitch","2016-02-01",0,1,1
"Jordan Liggitt","jliggitt@redhat.com","Red Hat","2015-10-01",888,460,14
"feisky","feiskyer@gmail.com","Hyper.sh","2015-10-01",354,197,9
"Yifan Gu","yifan.gu@coreos.com","CoreOS","2015-12-01",2434,705,14
"Random-Liu","taotaotheripper@gmail.com","Self","2015-12-01",516,258,7
"Abhi Shah","abshah@google.com","Google","2015-10-01",264,105,15
"childsb","bchilds@redhat.com","Red Hat","2016-02-01",1,22,5
"Jan Safranek","jsafrane@redhat.com","Red Hat","2016-01-01",38,96,4
"Francisco Gimeno","kikov79@gmail.com","CSC","2015-11-01",0,2,2
"Fabiano Franz","ffranz@redhat.com","Red Hat","2015-10-01",404,99,5
"Prayag Verma","prayag.verma@gmail.com","Stylify Your Blog","2016-02-01",2,2,1
"Jason Russell","jasrusable@users.noreply.github.com","jasrusable@users.noreply.github.com","2016-03-01",0,1,1
"Dr. Stefan Schimanski","sttts@mesosphere.io","Mesosphere","2015-12-01",36,18,8
"Robert Roland","robert.roland@hpe.com","HP","2015-11-01",16,4,2
"Andrew Stuart","andrew.stuart2@gmail.com","Unicon","2016-02-01",0,1,1
"Sebastien LAWNICZAK","sebastien.lawniczak@orange.com","sebastien.lawniczak@orange.com","2015-12-01",1,0,1
"Jonathan Wills","runningwild@gmail.com","Self","2015-09-01",0,2,1
"Prashanth Balasubramanian","beeps@google.com","Google","2016-03-01",229,81,7
"Daniel Smith","dbsmith@google.com","Google","2016-01-01",330,23,8
"feihujiang","jiangfeihu@huawei.com","Huawei","2015-11-01",1076,359,10
"Chao Xu","xuchao@google.com","Google","2016-03-01",12,2,3
"Brendan Burns","bburns@google.com","Microsoft","2016-02-01",6,4,1
"Steve Sloka","slokas@upmc.edu","UPMC","2015-09-01",87,3,1
"goltermann","goltermann@google.com","Google","2016-02-01",108,6,4
"fmeng","fmeng@ebay.com","eBay","2016-02-01",19,11,2
"Jay Vyas","jay@apache.org","Apache","2015-08-01",87,5,1
"Mike Zupan","mike@zcentric.com","Mike Zupan","2016-03-01",0,1,1
"James DeFelice","james@mesosphere.io","Mesosphere","2016-03-01",105,16,1
"Brad Erickson","eosrei@gmail.com","Udacity","2015-12-01",41,52,1
"Filip Grzadkowski","filipg@google.com","Google","2015-09-01",34,85,2
"Brian Grant","bgrant0607@users.noreply.github.com","Google","2016-03-01",652,391,15
"goltermann","goltermann@users.noreply.github.com","Google","2016-03-01",2,0,1
"Saad Ali","saadali@google.com","Google","2015-10-01",162,282,4
"James DeFelice","james@mesosphere.io","Mesosphere","2016-01-01",6582,10400,20
"Zichang Lin","linzichang@huawei.com","Huawei","2015-10-01",0,7,1
"Andrei Kopats","andrei.kopats@gmail.com","andrei.kopats@gmail.com","2016-02-01",5,3,1
"Maciej Szulik","maszulik@redhat.com","Red Hat","2016-03-01",5,6,2
"Yu-Ju Hong","yjhong@google.com","Google","2015-10-01",473,445,14
"Mike Danese","mikedanese@gmail.com","Google","2015-10-01",1254,910,47
"Sergiusz Urbaniak","sur@mesosphere.io","Mesosphere","2015-09-01",161,70,2
"Eric Tune","etune@google.com","Google","2015-11-01",681,13,2
"Madhusudan.C.S","madhusudancs@google.com","Google","2015-11-01",645,3,1
"Vishnu kannan","vishnuk@google.com","Google","2016-01-01",1646,226,7
"runseb","runseb@gmail.com","Bitnami","2015-12-01",1,2,2
"yuqi huang","huangyuqi@huawei.com","Huawei","2015-11-01",9,17,2
"Wojciech Tyczynski","wojtekt@google.com","Google","2015-12-01",2463,1765,65
"Dawn Chen","dawnchen@google.com","Google","2015-10-01",224,119,13
"Matt Liggett","mml@google.com","Google","2016-01-01",140,28,7
"Wojciech Tyczynski","wojtekt@google.com","Google","2016-02-01",437,383,50
"Marko Bonaći","mbonaci@users.noreply.github.com","mbonaci@users.noreply.github.com","2016-01-01",0,1,1
"Kenneth Kalmer","kenneth.kalmer@gmail.com","kenneth.kalmer@gmail.com","2015-11-01",2,12,1
"Avesh Agarwal","avagarwa@redhat.com","Red Hat","2016-01-01",5,5,2
"Alfonso Acosta","fons@weave.works","Weaveworks","2015-11-01",1,0,1
"Jian Huang","alfred.huangjian@huawei.com","Huawei","2015-09-01",0,1,1
"Mikaël Cluseau","mikael.cluseau@gmail.com","mikael.cluseau@gmail.com","2015-10-01",2,3,2
"Dawn Chen","dawnchen@google.com","Google","2016-01-01",82,3,3
"Alex Robinson","arob@google.com","Google","2015-10-01",282,150,11
"Alex Chesser","alex.chesser@gmail.com","alex.chesser@gmail.com","2015-11-01",5,0,1
"Anish Bhatt","anish@gatech.edu","Georgia Tech","2015-10-01",12,11,1
"Andrew M Bursavich","bursavich@google.com","Google","2015-10-01",10,11,1
"David Oppenheimer","davidopp@google.com","Google","2016-01-01",251,281,6
"Jeff Lowdermilk","jeffml@google.com","Google","2015-09-01",10,1,2
"vollschwitz","alexander.vollschwitz@est.fujitsu.com","Fujitsu","2015-11-01",1,1,1
"hurf","huruifeng@huawei.com","Huawei","2015-10-01",15,103,4
"goltermann","goltermann@google.com","Google","2015-10-01",10,1,2
"Alex Robinson","arob@google.com","Google","2016-02-01",42,64,7
"Paul Weil","pweil@redhat.com","Red Hat","2015-09-01",190,0,1
"George Tankersley","george.tankersley@coreos.com","CoreOS","2016-02-01",0,1,1
"Tim St. Clair","stclair@google.com","Google","2015-11-01",496,268,9
"Eric Paris","eparis@redhat.com","Red Hat","2015-11-01",5748,2708,2
"Paul Morie","pmorie@redhat.com","Red Hat","2016-01-01",3776,1132,22
"Marek Grabowski","gmarek@google.com","Google","2015-12-01",1096,357,43
"Eric Tune","etune@google.com","Google","2015-09-01",242,70,7
"Michal Fojtik","mfojtik@redhat.com","Red Hat","2016-01-01",50662,1627,1
"Fabiano Franz","ffranz@redhat.com","Red Hat","2015-12-01",62,12,1
"Gabriele Farina","gabr.farina@gmail.com","Self","2015-10-01",11,1,1
"jiangyaoguo","jiangyaoguo@gmail.com","Huawei","2015-09-01",30,7,2
"Lucas Käldström","lucas.kaldstrom@hotmail.co.uk","Rook","2015-12-01",10,5,4
"Piotr Szczesniak","pszczesniak@google.com","Google","2016-03-01",48,25,3
"Abhi Shah","abshah@google.com","Google","2016-01-01",16,13,1
"Phillip Wittrock","pwittroc@google.com","Google","2016-01-01",1005,185,6
"bryk","bryk@google.com","Google","2016-02-01",2,3,1
"jiangyaoguo","jiangyaoguo@gmail.com","Huawei","2015-11-01",178,150,8
"Phillip Wittrock","pwittroc+github@google.com","Google","2016-03-01",104,99,6
"wulonghui","wulonghui6666@gmail.com","ChinaNetCenter","2015-11-01",0,1,1
"Madhusudan.C.S","madhusudancs@google.com","Google","2016-02-01",1955,862,22
"Marek Grabowski","gmarek@google.com","Google","2015-10-01",690,340,40
"Andy Goldstein","agoldste@redhat.com","Red Hat","2015-08-01",4038,0,1
"combk8s","combcloud@gmail.com","combcloud@gmail.com","2015-10-01",9,9,1
"Christian Simon","simon@swine.de","Jetstack","2015-10-01",66,15,1
"Timothy St. Clair","tstclair@redhat.com","Red Hat","2015-09-01",2,1,1
"Alex Robinson","arob@google.com","Google","2015-12-01",8,8,1
"markturansky","mturansk@redhat.com","Red Hat","2016-01-01",130,21,4
"Ilya Dmitrichenko","errordeveloper@gmail.com","Weaveworks","2015-10-01",27,29,2
"Daniel Martí","mvdan@mvdan.cc","Tyk","2015-09-01",4,6,3
"Pieter Joost van de Sande","pj@born2code.net","DoubleDutch","2016-01-01",0,1,1
"mqliang","mqliang.zju@gmail.com","Self","2015-12-01",179,66,8
"Jeff Lowdermilk","jeffml@google.com","Google","2015-12-01",6,10,3
"Joe Finney","spxtr@google.com","Google","2015-12-01",333,170,18
"Hongbin Lu","hongbin.lu@huawei.com","Huawei","2015-12-01",0,1,1
"Isaac Hollander McCreery","ihmccreery@google.com","Google","2015-10-01",723,685,33
"He Simei","hesimei@zju.edu.cn","Docker","2016-01-01",0,1,1
"Julian Strobl","julian@endocode.com","Endocode","2016-01-01",14,3,2
"Daniel Martí","mvdan@mvdan.cc","Tyk","2015-12-01",133,1,3
"jvance","jvance@redhat.com","Red Hat","2015-11-01",10,23,1
"David O'Riordan","doriordan@gmail.com","doriordan@gmail.com","2016-01-01",1,0,1
"Mac Browning","mac@digitalocean.com","DigitalOcean","2016-02-01",0,1,1
"Tim St. Clair","stclair@google.com","Google","2015-08-01",521,110,1
"Sam Ghods","sam@box.com","Box","2015-09-01",281,27,1
"weixu","weixu@appformix.com","Juniper Networks","2016-03-01",0,1,1
"yangxiangyu","yangxiangyu@live.cn","Outlook.com","2015-11-01",0,1,1
"James Ravn","james@r-vn.org","Sky","2016-02-01",43,13,1
"Michail Kargakis","mkargaki@redhat.com","Red Hat","2015-10-01",354,180,6
"Lantao Liu","lantaol@google.com","Google","2016-02-01",100,94,4
"Bryan Boreham","bryan@weave.works","Weaveworks","2015-12-01",0,1,1
"Timothy St. Clair","tstclair@redhat.com","Red Hat","2015-10-01",28626,761,7
"Kel Cecil","kelcecil@praisechaos.com","ListHub","2015-10-01",8,18,1
"qiaolei","qiaolei2@huawei.com","Huawei","2015-09-01",96,1,2
"Filip Grzadkowski","filipg@google.com","Google","2015-11-01",5,6,1
"Paul Morie","pmorie@gmail.com","Red Hat","2015-11-01",78,15,11
"Solly Ross","sross@redhat.com","Red Hat","2016-01-01",214,0,1
"Piotr Szczesniak","pszczesniak@google.com","Google","2016-01-01",36155,1166,14
"Alex Robinson","arob@google.com","Google","2015-09-01",18,19,1
"Suhas","suhasanand@users.noreply.github.com","suhasanand@users.noreply.github.com","2015-11-01",3,4,1
"Quinton Hoole","quinton@google.com","Google","2016-01-01",310,33,4
"Rohith","gambol99@gmail.com","Devops","2015-10-01",23,4,2
"Greg Taylor","snagglepants@gmail.com","Reddit","2015-12-01",3,3,1
"Marek Grabowski","gmarek@google.com","Google","2016-01-01",141,314,26
"Minhan Xia","mixia@google.com","Google","2016-03-01",1,1,1
"Jay Vyas","jay@apache.org","Apache","2015-11-01",203,27,5
"David Siefert","siefert.david@gmail.com","siefert.david@gmail.com","2015-11-01",16,11,1
"Dr. Stefan Schimanski","stefan.schimanski@gmail.com","Red Hat","2015-08-01",125,145,4
"Saad Ali","saadali@google.com","Google","2016-01-01",8,29,1
"Clayton Coleman","ccoleman@redhat.com","Red Hat","2015-12-01",5481,5447,37
"Gerti Poppel","gerti.poppel@est.fujitsu.com","Fujitsu","2016-03-01",46,16,1
"mqliang","mqliang.zju@gmail.com","Self","2016-02-01",668,177,17
"Justin Santa Barbara","justin@fathomdb.com","FathomDB","2016-03-01",148,25,9
"Salvatore Dario Minonne","salvatore-dario.minonne@amadeus.com","Amadeus","2016-02-01",2,0,1
"Brendan Burns","bburns@google.com","Microsoft","2015-11-01",736,424,14
"feisky","feiskyer@gmail.com","Hyper.sh","2016-01-01",3,3,1
"Andrew Butcher","abutcher@redhat.com","Red Hat","2015-11-01",28,3,1
"Joshua Piccari","joshua.piccari@gmail.com","Atlas Informatics","2016-03-01",1,6,2
"Ash Wu","hsatac@gmail.com","hsatac@gmail.com","2015-11-01",2,1,1
"derekwaynecarr","decarr@redhat.com","Red Hat","2015-10-01",1556,47,8
"Jeff Mendoza","jeffmendoza@google.com","Google","2016-02-01",68,0,1
"Pengcheng Tang","tupachydralisk@gmail.com","tupachydralisk@gmail.com","2015-11-01",7,5,1
"Huamin Chen","hchen@redhat.com","Red Hat","2015-10-01",148,47,11
"Xiaogang Xin","xnxin@ebay.com","eBay","2016-03-01",5,4,1
"Joe Beda","joe.github@bedafamily.com","Heptio","2015-11-01",18,4,2
"hurf","huruifeng@huawei.com","Huawei","2015-07-01",266,33,1
"Oleg Anashkin","oleg.anashkin@gmail.com","LinkedIn","2015-11-01",3,1,1
"Phillip Wittrock","pwittroc@google.com","Google","2015-12-01",313,59,5
"Clayton Coleman","ccoleman@redhat.com","Red Hat","2016-02-01",153,62,10
"Harry Zhang","harryzhang@zju.edu.cn","Docker","2016-02-01",94,10,2
"Janet Kuo","chiachenk@google.com","Google","2016-02-01",2052,1260,54
"Quinton Hoole","quinton@google.com","Google","2015-11-01",1,1,1
"derekwaynecarr","decarr@redhat.com","Red Hat","2016-02-01",2008,845,22
"Michail Kargakis","mkargaki@redhat.com","Red Hat","2015-12-01",284,154,2
"RoelVanNyen","roel.vannyen@virdata.com","roel.vannyen@virdata.com","2015-12-01",0,1,1
"Sam Abed","samsabed@gmail.com","NotFound","2015-10-01",317,86,4
"Madhusudan.C.S","madhusudancs@google.com","Google","2015-12-01",44,1,2
"CJ Cullen","cjcullen@google.com","Google","2016-02-01",90,25,4
"Paul Weil","pweil@redhat.com","Red Hat","2015-12-01",1177,4,1
"Jay Vyas","jay@apache.org","Apache","2015-12-01",83,24,3
"Andy Goldstein","agoldste@redhat.com","Red Hat","2016-01-01",6,1,1
"Brendan Burns","bburns@google.com","Microsoft","2015-09-01",117,44,13
"Jeff Grafton","jgrafton@google.com","Google","2016-03-01",10,12,1
"Matt Keeble","matt@beldougie.com","Beldougie Ltd","2015-10-01",0,1,1
"Justin Santa Barbara","justin@fathomdb.com","FathomDB","2015-10-01",340,154,16
"Lee Calcote","leecalcote@gmail.com","SolarWinds","2016-02-01",0,1,1
"jiangyaoguo","jiangyaoguo@gmail.com","Huawei","2015-10-01",111,52,6
"James DeFelice","james@mesosphere.io","Mesosphere","2015-09-01",455,238,2
"Piotr Szczesniak","pszczesniak@google.com","Google","2015-12-01",8,0,1
"Fabio Yeon","fabioy@users.noreply.github.com","fabioy@users.noreply.github.com","2016-02-01",30,37,2
"Sam Ghods","sam@box.com","Box","2016-02-01",49,5,2
"Wojciech Tyczynski","wojtekt@google.com","Google","2015-09-01",292,146,3
"Yu-Ju Hong","yjhong@google.com","Google","2016-01-01",790,296,16
"Dr. Stefan Schimanski","sttts@mesosphere.io","Mesosphere","2016-02-01",11,0,1
"Kris","krousey@google.com","Google","2016-01-01",572,58,5
"Zach Loafman","zml@google.com","Google","2016-01-01",154,297,6
"Maciej Szulik","maszulik@redhat.com","Red Hat","2015-10-01",50,11,3
"Ben Parees","bparees@redhat.com","Red Hat","2015-12-01",298,0,1
"Jordan Liggitt","jliggitt@redhat.com","Red Hat","2016-02-01",835,133,14
"Casey D","casey.davenport@metaswitch.com","Metaswitch","2016-03-01",0,172,1
"Vincenzo D'Amore","v.damore@gmail.com","Matrix","2015-09-01",2,0,1
"zhengguoyong","zhenggouyong.zheng@huawei.com","Huawei","2015-09-01",62,77,8
"Carles Lopez","litus81@gmail.com","litus81@gmail.com","2015-12-01",11,1,1
"Rimantas Mocevicius","rmocius@gmail.com","NotFound","2015-10-01",3,0,1
"Eric Paris","eparis@redhat.com","Red Hat","2016-03-01",193,11725,8
"Spencer Brown","spencer@spencerbrown.org","spencer@spencerbrown.org","2015-12-01",2,0,1
"Jan Chaloupka","jchaloup@redhat.com","Red Hat","2016-02-01",162,193,3
"Alexandre González","agonzalezro@gmail.com","jobandtalent","2015-09-01",828,9,1
"Prashanth Balasubramanian","beeps@google.com","Google","2016-02-01",575,160,24
"Dhawal Yogesh Bhanushali","dbhanushali@vmware.com","VMware","2016-01-01",177,32,1
"feihujiang","jiangfeihu@huawei.com","Huawei","2015-09-01",177,40,8
"Bharath Thiruveedula","bharath_ves@hotmail.com","bharath_ves@hotmail.com","2016-01-01",2,0,1
"Eric Tune","etune@google.com","Google","2015-10-01",236,33,12
"Chao Xu","xuchao@google.com","Google","2015-11-01",427,140,16
"Christophe Augello","christophe@augello.be","One.com","2016-01-01",0,1,1
"zhengguoyong","zhenggouyong.zheng@huawei.com","Huawei","2015-11-01",88,84,11
"Egor Guz","eguz@walmartlabs.com","WalmartLabs","2015-10-01",0,1,1
"Paul Tiplady","paultiplady@gmail.com","Qwil","2015-11-01",0,1,1
"He Simei","hesimei@zju.edu.cn","Docker","2015-10-01",53,47,10
"Michail Kargakis","mkargaki@redhat.com","Red Hat","2016-03-01",61,25,3
"Joe Finney","spxtr@google.com","Google","2016-03-01",372,116,14
"David McMahon","djmm@google.com","Google","2016-03-01",1862,5378,6
"Cole Mickens","cole.mickens@gmail.com","Microsoft","2016-03-01",74,29,1
"Robert Bailey","robertbailey@google.com","Google","2016-01-01",83,18,4
"mqliang","mqliang.zju@gmail.com","Self","2016-01-01",469,174,11
"Jay Vyas","jay@apache.org","Apache","2016-03-01",10,3,4
"Bastien Chong","bastien974@gmail.com","D2C Media","2015-09-01",6,2,1
"Harry Zhang","harryzhang@zju.edu.cn","Docker","2015-12-01",343,221,7
"Jeff Grafton","jgrafton@google.com","Google","2015-09-01",74,12,5
"CJ Cullen","cjcullen@google.com","Google","2016-03-01",0,10,1
"fmeng","fmeng@ebay.com","eBay","2016-01-01",2,1,1
"resouer","resouer@163.com","Net EASE 网易有态度","2015-12-01",0,1,1
"Tim Hockin","thockin@google.com","Google","2015-09-01",107,126,5
"Mike Danese","mikedanese@gmail.com","Google","2015-09-01",85,33,7
"Jimmi Dyson","jimmidyson@gmail.com","Red Hat","2015-10-01",8526,526,3
"Jan Chaloupka","jchaloup@redhat.com","Red Hat","2015-12-01",2,0,1
"Yu-Ju Hong","yjhong@google.com","Google","2015-11-01",209,280,11
"nikhiljindal","nikhiljindal@google.com","Google","2015-10-01",2439,117,16
"Robert Wehner","rcw@wehnerortega.net","rcw@wehnerortega.net","2015-10-01",3,2,1
"Sami Wagiaalla","swagiaal@redhat.com","Red Hat","2015-12-01",116,129,5
"Gerti Poppel","gerti.poppel@est.fujitsu.com","Fujitsu","2015-12-01",1,1,1
"Kenneth Shelton","kshelton@defensative.com","NetWatcher","2015-12-01",40,44,1
"feihujiang","jiangfeihu@huawei.com","Huawei","2015-10-01",177,227,12
"Christian Stewart","christian@paral.in","FACE IT","2015-10-01",237,54,5
"YuviPanda","yuvipanda@gmail.com","Wikimedia Foundation","2015-11-01",8,10,1
"Florian Walker","florian.walker@est.fujitsu.com","Fujitsu","2015-10-01",0,1,1
"Wojciech Tyczynski","wojtekt@google.com","Google","2016-03-01",71,36,13
"Eric Paris","eparis@redhat.com","Red Hat","2015-10-01",0,110587,1
"aalexand","aalexand@google.com","Google","2015-10-01",1,1,1
"Isaac Hollander McCreery","ihmccreery@google.com","Google","2016-01-01",263,282,42
"Kent Rancourt","krancourt@engineyard.com","Engine Yard","2015-11-01",0,1,1
"Tom Benner","tombenner@gmail.com","Entelo","2016-01-01",217,2,1
"weixu","weixu@appformix.com","Juniper Networks","2015-11-01",63,18,3
"Robert Bailey","robertbailey@google.com","Google","2015-12-01",3,6,4
"Ed Costello","epc@epcostello.com","Petback","2015-10-01",6,21,1
"Yifan Gu","guyifan1121@gmail.com","CoreOS","2016-01-01",417,108,14
"David Oppenheimer","davidopp@google.com","Google","2016-03-01",0,1,1
"Harry Zhang","harryzhang@zju.edu.cn","Docker","2015-09-01",156,18,4
"Andy Goldstein","agoldste@redhat.com","Red Hat","2015-09-01",576,171,3
"Maru Newby","marun@redhat.com","Red Hat","2015-12-01",39,6,2
"Michail Kargakis","mkargaki@redhat.com","Red Hat","2016-01-01",580,20,6
"Salvatore Dario Minonne","salvatore-dario.minonne@amadeus.com","Amadeus","2015-11-01",27,16,2
"Christopher Eck","chris@krypton.io","chris@krypton.io","2016-02-01",4,2,1
"Ravi Gadde","ravi@datawisesystems.com","Diamanti","2015-09-01",644,70,1
"Jeff Lowdermilk","jeffml@google.com","Google","2016-01-01",20,9,2
"Casey D","casey.davenport@metaswitch.com","Metaswitch","2016-01-01",273,89,2
"Vincenzo D'Amore","v.damore@gmail.com","Matrix","2015-10-01",2,2,1
"Tim Hockin","thockin@google.com","Google","2015-11-01",3047,2917,28
"Anthony Yeh","enisoc@google.com","Google","2015-10-01",72,25,2
"dingh","dinghaiyang@huawei.com","Huawei","2015-10-01",0,1,1
"mdshuai","dma@redhat.com","Red Hat","2015-11-01",74,0,1
"Trevor Pounds","trevor.pounds@gmail.com","Epic Games","2015-09-01",10719,6682,5
"Arsen Mamikonyan","arsen@mamikonyan.am","Self","2015-12-01",15,19,2
"nikhiljindal","nikhiljindal@google.com","Google","2016-01-01",368,313,3
"David Oppenheimer","davidopp@google.com","Google","2015-12-01",752,0,5
"Lénaïc Huard","lhuard@amadeus.com","Amadeus","2015-09-01",1,1,1
"Steve Milner","smilner@redhat.com","Red Hat","2015-10-01",158,136,6
"Ravi L R","ravilr@yahoo-inc.com","Yahoo","2015-10-01",1,2,2
"David Eads","deads2k@users.noreply.github.com","deads2k@users.noreply.github.com","2015-11-01",97,110,1
"Isaac Hollander McCreery","ihmccreery@google.com","Google","2016-02-01",453,683,24
"magicwang-cn","wangbowang.wang@huawei.com","Huawei","2016-02-01",79,20,2
"David Pratt","dpratt@ojolabs.com","OJOHome","2016-02-01",3,0,1
"ckleban","ckleban@gmail.com","ckleban@gmail.com","2016-02-01",5,4,1
"Yifan Gu","guyifan1121@gmail.com","CoreOS","2016-03-01",0,1,1
"Robert Bailey","robertbailey@google.com","Google","2015-10-01",4,5,2
"Sebastien LAWNICZAK","sebastien.lawniczak@orange.com","sebastien.lawniczak@orange.com","2015-08-01",39,3,2
"Mike Danese","mikedanese@google.com","Google","2015-12-01",499,257,19
"Marc Lough","marc@ahead4.com","Ahead4 Limited","2016-01-01",49,29,1
"deads2k","deads@redhat.com","Red Hat","2015-01-01",189,0,1
"He Simei","hesimei@zju.edu.cn","Docker","2015-09-01",47,47,5
"Ryan Wallner","ryan.wallner@clusterhq.com","ClusterHQ","2015-12-01",36,1,1
"markturansky","mturansk@redhat.com","Red Hat","2015-12-01",135,30,3
"thaerlo","alfredo.espejel.corvera@gmail.com","alfredo.espejel.corvera@gmail.com","2015-10-01",1,2,1
"Kurt Stam","kstam@redhat.com","Red Hat","2016-01-01",49,0,1
"Juan Valencia","jvalencia@sharethis.com","ShareThis","2015-10-01",2,7,1
"James DeFelice","james@mesosphere.io","Mesosphere","2016-02-01",884,535,16
"Cesar Wong","cewong@redhat.com","Red Hat","2015-10-01",25,3,1
"Jordan Liggitt","jliggitt@redhat.com","Red Hat","2015-12-01",1,0,1
"Tim St. Clair","stclair@google.com","Google","2016-01-01",379,182,8
"Tim St. Clair","stclair@google.com","Google","2015-10-01",995,645,10
"jhadvig","jhadvig@redhat.com","Red Hat","2015-11-01",8,1,1
"Trevor Pounds","trevor.pounds@gmail.com","Epic Games","2015-10-01",7,40,4
"Nagarjun","nagarjung.g@gmail.com","Imaginea","2016-01-01",59,41,3
"Matt Bruzek","matthew.bruzek@canonical.com","Canonical","2015-10-01",49,85,2
"Chao Xu","xuchao@google.com","Google","2016-01-01",4923,1018,35
"Marek Grabowski","gmarek@google.com","Google","2016-03-01",343,180,18
"Vladimir Rutsky","rutsky@users.noreply.github.com","Buildbot","2016-03-01",1,2,1
"Steve Sloka","slokas@upmc.edu","UPMC","2015-10-01",17,17,1
"Tamer Tas","tamertas@outlook.com","tamertas@outlook.com","2015-04-01",581,0,2
"Michael Nikitochkin","miry.sof@gmail.com","JetThoughts","2015-12-01",11,7,3
"weixu","weixu@appformix.com","Juniper Networks","2016-02-01",1,0,1
"Marcin Wielgus","mwielgus@google.com","Google","2015-09-01",11,5,3
"krousey","krousey@users.noreply.github.com","Google","2015-11-01",0,77,1
"Greg Taylor","snagglepants@gmail.com","Reddit","2015-11-01",1,1,1
"Lantao Liu","lantaol@google.com","Google","2015-11-01",244,173,8
"Avesh Agarwal","avagarwa@redhat.com","Red Hat","2015-11-01",150,103,6
"hurf","huruifeng@huawei.com","Huawei","2015-11-01",95,98,7
"Joe Beda","joe.github@bedafamily.com","Heptio","2015-10-01",9,15,1
"Jon Eisen","yanatan16@users.noreply.github.com","yanatan16@users.noreply.github.com","2015-12-01",1,0,1
"Alexander Hersh","alexander.hersh@metaswitch.com","Metaswitch","2015-11-01",16,10,1
"Julian Strobl","julian@endocode.com","Endocode","2015-12-01",2,1,2
"Rudi Chiarito","rudi@clarifai.com","Clarifai","2016-01-01",2270,2264,6
"derekwaynecarr","decarr@redhat.com","Red Hat","2015-11-01",492,185,9
"markturansky","mturansk@redhat.com","Red Hat","2015-11-01",4,17,2
"Minhan Xia","mixia@google.com","Google","2016-02-01",101,52,9
"ThemeZ","themezeng@gmail.com","SAP","2015-11-01",1,0,1
"jackgr","jackgr@google.com","Google","2015-10-01",441,61,3
"Jan Chaloupka","jchaloup@redhat.com","Red Hat","2016-01-01",39,0,2
"Kenneth Shelton","kshelton@defensative.com","NetWatcher","2015-09-01",179,119,5
"Steve Milner","smilner@redhat.com","Red Hat","2015-09-01",173,12,4
"Mike Spreitzer","mspreitz@us.ibm.com","IBM","2016-02-01",101,19,7
"Ravi Sankar Penta","rpenta@redhat.com","Red Hat","2015-12-01",53,1,2
"Brian Grant","briangrant@google.com","Google","2016-01-01",5,4,2
"Brendan Burns","bburns@google.com","Microsoft","2015-10-01",686,138,21
"Abhi Shah","abshah@google.com","Google","2016-02-01",139,30,3
"Minhan Xia","mixia@google.com","Google","2015-11-01",98,1,1
"Michal Minar","miminar@redhat.com","Red Hat","2015-10-01",326,19,1
"Paul Morie","pmorie@redhat.com","Red Hat","2016-02-01",1678,157,22
"Jon Cope","jcope@redhat.com","Red Hat","2015-09-01",125,0,1
"Rob Szumski","rob.szumski@coreos.com","CoreOS","2016-02-01",4,1,2
"Matthew Farrellee","matt@redhat.com","Red Hat","2016-02-01",2,2,1
"Harry Zhang","harryzhang@zju.edu.cn","Docker","2015-10-01",285,132,8
"Kenneth Evensen","kevensen@redhat.com","Red Hat","2015-10-01",2,3,1
"Dan Williams","dcbw@redhat.com","Red Hat","2015-12-01",253,9,1
"deads2k","deads@redhat.com","Red Hat","2016-01-01",62,9,3
"nikhiljindal","nikhiljindal@google.com","Google","2016-03-01",0,1,1
"feisky","feiskyer@gmail.com","Hyper.sh","2015-09-01",65,51,1
"Marcin Wielgus","mwielgus@google.com","Google","2016-02-01",18277,538,16
"Gao Zheng","gaozheng0123@163.com","Net EASE 网易有态度","2016-03-01",0,1,1
"Warren Strange","warren.strange@gmail.com","ForgeRock","2016-02-01",9,3,2
"derekwaynecarr","decarr@redhat.com","Red Hat","2016-03-01",319,118,7
"Huamin Chen","hchen@redhat.com","Red Hat","2015-11-01",490,11,3
"Justin Santa Barbara","justin@fathomdb.com","FathomDB","2016-02-01",1181,699,59
"Quinton Hoole","quinton@google.com","Google","2015-12-01",11,6,4
"Prashanth Balasubramanian","beeps@google.com","Google","2015-12-01",157,40,7
"Oleg Shaldybin","oleg@apcera.com","Apcera","2016-01-01",27,30,1
"Steve Kuznetsov","skuznets@redhat.com","Red Hat","2016-02-01",307,1,1
"Nick Schuch","nick@myschuch.com","PreviousNext","2016-02-01",83,3,1
"Amy Unruh","amyu@google.com","Google","2015-12-01",102,49,2
"Jean-Francois Chevrette","jf.cron0@gmail.com","Funio","2016-01-01",0,3,1
"Abhi Shah","abshah@google.com","Google","2015-11-01",1,3,2
"Dr. Stefan Schimanski","stefan.schimanski@gmail.com","Red Hat","2015-11-01",1454,1320,55
"Zach Loafman","zml@google.com","Google","2015-12-01",31,58,3
"Samuel ROZE","samuel.roze@gmail.com","Inviqa & Freelancer","2015-11-01",0,1,1
"Fabiano Franz","ffranz@redhat.com","Red Hat","2016-02-01",124,19,3
"golvteppe","bjoern.erik.strand@gmail.com","bjoern.erik.strand@gmail.com","2016-02-01",3,1,1
"Clayton Coleman","ccoleman@redhat.com","Red Hat","2015-11-01",11521,303,14
"Lucas Käldström","lucas.kaldstrom@hotmail.co.uk","Rook","2016-02-01",615,243,8
"Maru Newby","marun@redhat.com","Red Hat","2016-01-01",7,1,1
"Joe Finney","spxtr@google.com","Google","2015-11-01",38,0,1
"deads2k","deads@redhat.com","Red Hat","2015-11-01",1560,1381,26
"Manuel de Brito Fontes","aledbf@gmail.com","Self","2015-10-01",17,1,1
"Filip Grzadkowski","filipg@google.com","Google","2016-03-01",70,35,3
"Mark deVilliers","markdevilliers@gmail.com","markdevilliers@gmail.com","2016-02-01",1,2,2
"Daniel Smith","dbsmith@google.com","Google","2015-12-01",0,12,1
"Hongchao Deng","hongchaodeng1@gmail.com","CoreOS","2016-02-01",590,247,4
"Sergiusz Urbaniak","sur@mesosphere.io","Mesosphere","2015-12-01",137,132,5
"James Ravn and Yoseph Samuel","james.ravn@sky.uk","james.ravn@sky.uk","2016-02-01",74,31,2
"Michael Burman","yak@iki.fi","Red Hat","2015-09-01",638,4,1
"Antoine Cotten","antoine@freeletics.com","Freeletics","2015-12-01",5,4,1
"Tim St. Clair","stclair@google.com","Google","2015-09-01",2259,1913,2
"dingh","dinghaiyang@huawei.com","Huawei","2016-02-01",1,2,2
"Aaron Crickenberger","spiffxp@gmail.com","Samsung","2015-11-01",0,3,2
"Ihor Dvoretskyi","ihor.dvoretskyi@gmail.com","Mirantis","2015-11-01",5,0,3
"Dai Zuozhuo","daizuozhuo@gmail.com","Amazon","2015-11-01",11,11,1
"Muhammed Uluyol","uluyol0@gmail.com","Self","2015-12-01",6,5,1
"Jordan Liggitt","jliggitt@redhat.com","Red Hat","2015-09-01",388,105,4
"Lasse Schuirmann","lasse@schuirmann.net","Lasse Schuirmann","2015-11-01",0,2,1
"Jimmi Dyson","jimmidyson@gmail.com","Red Hat","2015-09-01",8,0,1
"Anthony Yeh","enisoc@google.com","Google","2015-08-01",564,0,1
"Daniel Wang","wonderfly@google.com","Google","2015-11-01",69,8,5
"Thomas Fricke","thomas@endocode.com","Endocode","2015-12-01",18,3,4
"Dan Winship","danw@redhat.com","Red Hat","2016-01-01",14,5,1
"laushinka","laurie.malau@gmail.com","laurie.malau@gmail.com","2016-02-01",28,117,1
"Hitoshi Mitake","mitake.hitoshi@gmail.com","mitake.hitoshi@gmail.com","2016-02-01",0,26,1
"Mike Danese","mikedanese@google.com","Google","2016-01-01",674,286,27
"Jerzy Szczepkowski","jsz@google.com","Google","2015-11-01",178,183,5
"Vishnu kannan","vishnuk@google.com","Google","2015-12-01",58,58,4
"jackgr","jackgr@google.com","Google","2015-09-01",1072,128,3
"Vishnu kannan","vishnuk@google.com","Google","2016-02-01",430,224,14
"Dan Williams","dcbw@redhat.com","Red Hat","2016-02-01",41,31,3
"Eric Tune","etune@google.com","Google","2016-01-01",198,74,10
"Matt Dupre","matt@projectcalico.org","Project Calico","2016-02-01",34,11,1
"Jerome Touffe-Blin","jtblin@gmail.com","Atlassian","2015-11-01",66,10,2
"Sami Wagiaalla","swagiaal@redhat.com","Red Hat","2015-09-01",46,15,1
"Jay Vyas","jay@apache.org","Apache","2016-02-01",86,49,6
"Daniel Smith","dbsmith@google.com","Google","2015-11-01",165,20,4
"Isaac Hollander McCreery","ihmccreery@google.com","Google","2015-09-01",133,50,2
"Wojciech Tyczynski","wojtekt@google.com","Google","2015-11-01",7174,2638,39
"Ken Robertson","ken@apcera.com","Apcera","2016-01-01",85,26,3
"Robert Jefe Lindstaedt","robert.lindstaedt@gmail.com","robert.lindstaedt@gmail.com","2016-02-01",14,4,1
"Matthew Farrellee","matt@redhat.com","Red Hat","2015-11-01",19,9,5
"feihujiang","jiangfeihu@huawei.com","Huawei","2016-01-01",0,2,1
"Avesh Agarwal","avagarwa@redhat.com","Red Hat","2015-10-01",33,45,6
"Dan Mace","dmace@redhat.com","Red Hat","2015-09-01",7,4,1
"Eric Paris","eparis@redhat.com","Red Hat","2016-02-01",87,1,2
"Matt Butcher","mbutcher@engineyard.com","Engine Yard","2015-09-01",5,4,2
"Yang Meng","yangm3ng@gmail.com","yangm3ng@gmail.com","2016-03-01",4,0,1
"YuviPanda","yuvipanda@gmail.com","Wikimedia Foundation","2015-12-01",3,1,1
"Kevin","wangzefeng@huawei.com","Huawei","2016-01-01",908,4,1
"derekwaynecarr","decarr@redhat.com","Red Hat","2016-01-01",389,13,7
"Jerzy Szczepkowski","jsz@google.com","Google","2015-09-01",31,52,5
