"Name","Email","Affliation","Date","Added","Removed","Changesets"
"Erin Corson","erin@newmediadenver.com","DRUD","2017-01-01",339,97,17
"vendrov","keglevich2@gmail.com","Self","2016-12-01",26,3,5
"Adam H. Leventhal","ahl@transposit.com","Transposit","2017-04-01",1573,46,2
"Rohith","gambol99@gmail.com","Devops","2017-06-01",40,0,1
"Justin Santa Barbara","justin@fathomdb.com","Self","2016-11-01",2094,913,42
"Zachary Adam Kaplan","razic@viralkitty.com","viralkitty","2017-01-01",0,2,1
"Pierre-Alexandre St-Jean","pa@stjean.me","Coveo","2017-05-01",282,11,2
"Vishnu Kannan","vishnuk@google.com","Google","2015-06-01",22,0,2
"Yifan Gu","yifan.gu@coreos.com","CoreOS","2015-12-01",18,5,1
"Peter McDonnell","petermd@gmail.com","Donnerwood Media","2016-01-01",6,0,1
"saadali","saadali@google.com","Google","2015-06-01",24,0,2
"andrewsykim","andrew@wattpad.com","Wattpad","2016-12-01",2,2,1
"saadali","saadali@google.com","Google","2015-05-01",16,5,1
"Muhammed Uluyol","uluyol@google.com","Google","2015-07-01",44,0,1
"Daniel Nelson","daniel@dcn.io","Vungle","2017-03-01",6,6,1
"Zach Loafman","zml@google.com","Google","2016-12-01",81,348,2
"Daniel Cohen","dcohen@gatech.edu","Georgia Tech","2017-03-01",96,60,3
"Zach Loafman","zml@google.com","Google","2017-01-01",270,277,4
"emerlinsky","emerlinsky@gmail.com","Palantir","2016-11-01",19,1,2
"Leon Waldman","le.waldman@gmail.com","Gimbal","2017-03-01",23,11,1
"Daniel O'Sullivan","dosullivan@users.noreply.github.com","Carbon Black","2017-03-01",1,1,1
"Tanner Bruce","tanner.bruce@farmersedge.ca","Farmers Edge","2017-06-01",2,2,1
"fate-grand-order","chenjg@harmonycloud.cn","HarmonyCloud","2017-02-01",2,2,1
"dima","pronix.service@gmail.com","pronix","2017-03-01",120,2,2
"Zach Loafman","zml@google.com","Google","2016-09-01",68,182,4
"Justin Nauman","justin.r.nauman+github@gmail.com","Slalom Consulting","2017-03-01",2,2,1
"Chris Love","clove@cnmconsulting.net","CNM Consulting","2017-03-01",357,1360,7
"prashima","prashimas@vmware.com","VMware","2017-06-01",94,5,1
"Sergej Jevsejev","sjevsejev@gmail.com","NotFound","2017-01-01",1,1,1
"Josh Ellithorpe","josh@apcera.com","Apcera","2016-01-01",1,1,1
"Tim St. Clair","stclair@google.com","Google","2015-06-01",11,0,1
"Satnam Singh","satnam@google.com","Google","2015-04-01",0,8,1
"Mike Danese","mikedanese@google.com","Google","2016-03-01",208,1131,2
"vendrov","keglevich2@gmail.com","Self","2016-10-01",2,2,2
"Dennis Webb","dennis@bluesentryit.com","Blue Sentry","2017-01-01",118,0,1
"Justin Santa Barbara","justin@fathomdb.com","Self","2017-01-01",7884,2992,159
"heschlie","heschlie@gmail.com","Project Calico","2016-12-01",1167,13,3
"Thomas Hahn","thahn@tcbtech.com","TCB Technologies","2017-04-01",16,0,1
"Matt Marchetti","mmarchetti@hearst.com","NotFound","2017-06-01",19,0,1
"Zachary Adam Kaplan","razic@viralkitty.com","viralkitty","2016-12-01",62,1,2
"Morgan Bauer","mbauer@us.ibm.com","IBM","2016-06-01",1,1,1
"Billy Shambrook","billy.shambrook@gmail.com","Frame.io","2016-11-01",1691,52,8
"Giancarlo Rubio","gianrubio@gmail.com","Digidentity","2017-05-01",30,38,2
"Zihong Zheng","zihongz@google.com","Google","2017-03-01",1,2,1
"Marek Biskup","biskup@google.com","Google","2015-07-01",129,70,2
"Otto Yiu","otto@live.ca","ZestCore","2017-05-01",284,56,3
"Darron Froese","dfroese@salesforce.com","SalesForce","2017-03-01",3,3,1
"Jesse Dubay","jesse@jessedubay.com","Discogs","2016-08-01",1,1,1
"Sergio Ballesteros","snaker@locolandia.net","spotahome","2017-01-01",15,0,2
"Piotr Szczesniak","pszczesniak@google.com","Google","2015-07-01",1,1,1
"Andrew Johnstone","andrew@ajohnstone.com","Photobox","2016-09-01",2,2,2
"Justin Santa Barbara","justin@fathomdb.com","Self","2017-07-01",1,1,1
"Bjarke Vad Andersen","bjarke.vad90@gmail.com","Dixa","2016-12-01",1,2,1
"Stefano Vozza","svozza@gmail.com","Trinity Mirror","2017-05-01",13,2,2
"Hugo Ferreira","hugocf@users.noreply.github.com","Equal Experts","2017-05-01",3,3,1
"Faraaz Khan","faraaz@rationalizeit.us","WellMatch","2017-03-01",13,10,1
"Justin Santa Barbara","justin@fathomdb.com","Self","2015-07-01",9,3,2
"Jasmine Hegman","jasmine@jhegman.com","Self","2017-06-01",1,1,1
"Marek Biskup","biskup@google.com","Google","2015-06-01",535,39,3
"Michael Taufen","mtaufen@google.com","Google","2017-01-01",5,5,1
"Manuel de Brito Fontes","aledbf@gmail.com","SOFICOM","2017-06-01",10,2,1
"jg Chen","21521209@zju.edu.cn","Self","2017-02-01",2,2,1
"Otto Yiu","otto@live.ca","ZestCore","2017-06-01",7,18,2
"Bowei Du","bowei@google.com","Google","2017-02-01",252,5,2
"Blake","blake.barnett@postmates.com","Postmates","2017-01-01",95,25,4
"Luis Cordova","cordoval@gmail.com","Weyland & Cordova Corporation","2017-05-01",5,8,1
"Justin Santa Barbara","justin@fathomdb.com","Self","2017-06-01",1019,511,26
"Yissachar Radcliffe","yissachar.radcliffe@caseware.com","CaseWare","2016-09-01",145,7,4
"icereval","icereval@gmail.com","Center for Open Science","2016-12-01",202,38,4
"derekwaynecarr","decarr@redhat.com","Red Hat","2015-01-01",43,3,2
"Kris Nova","kris@nivenly.com","Microsoft","2017-03-01",251,136,13
"Christopher Rigor","crigor@gmail.com","Engine Yard","2017-02-01",2,2,1
"King'ori Maina","j@kingori.co","ZappiStore","2016-11-01",3,3,2
"Seungcheol Ko","sngchlko@gmail.com","NotFound","2017-05-01",1,1,1
"Otto Yiu","otto@live.ca","ZestCore","2017-04-01",11,7,2
"Bjarke Vad Andersen","bjarke.vad90@gmail.com","Dixa","2016-11-01",1,1,1
"nikhiljindal","nikhiljindal@google.com","Google","2015-06-01",2,2,1
"Voyalab LLC","contact@voyalab.com","myvoya","2017-04-01",1,1,1
"Sharif Nassar","mrwacky42@users.noreply.github.com","Headspace","2016-12-01",1,1,1
"Leandro Repolho","leandrorepolho@gmail.com","Ionic","2017-04-01",5,4,1
"Eric Tune","etune@google.com","Google","2015-04-01",93,70,3
"Jason DeWitt","me@roxet.net","Sudo Pseience","2017-01-01",43,8,1
"Alexander Brandstedt","alexanderbrandstedt@gmail.com","EA DICE","2017-05-01",4,4,1
"Justin Santa Barbara","justin@fathomdb.com","Self","2017-05-01",8388,392,22
"Eric Hole","eric.hole@gmail.com","Bar Bouchee","2017-03-01",37,16,3
"Justin Santa Barbara","justin@fathomdb.com","Self","2017-03-01",10672,3553,89
"Feynman Liang","feynman.liang@gmail.com","Amherst College","2017-01-01",1,1,1
"David Radcliffe","radcliffe.david@gmail.com","Ruby Together","2016-10-01",2,2,1
"Travis Thompson","trthomps@confluent.io","Confluent","2017-06-01",1,1,1
"Quintin Lee","qlee@google.com","Google","2016-03-01",2,1,2
"Vincent Ambo","tazjin@gmail.com","Goonswarm","2016-12-01",6,0,1
"Manuel de Brito Fontes","aledbf@gmail.com","SOFICOM","2017-01-01",3,0,1
"Kris Nova","kris@nivenly.com","Microsoft","2017-02-01",401,164,19
"Miao Luo","miaol@vmware.com","VMware","2017-04-01",292,293,7
"Chris Love","clove@cnmconsulting.net","CNM Consulting","2016-12-01",3593,164,19
"Jakub Paweł Głazik","zytek@nuxi.pl","BaseCRM","2017-02-01",113,92,8
"prashima","prashimas@vmware.com","VMware","2017-03-01",717,202,4
"Fotios Lindiakos","flindiakos@shutterstock.com","Shutterstock","2016-07-01",3,3,1
"Kris Nova","kris@nivenly.com","Microsoft","2016-12-01",1839,188,44
"Miao Luo","miaol@vmware.com","VMware","2017-03-01",507,130,9
"Aman","aps.sids@gmail.com","Codigami","2016-11-01",239,13,3
"Kris Nova","kris@nivenly.com","Microsoft","2017-01-01",667,335,13
"Abrar Shivani","shivania@vmware.com","VMware","2017-04-01",328,37,4
"Ryan Fowler","rwfowler@gmail.com","Singlewire Software","2016-10-01",1,1,1
"Justin Santa Barbara","justin@fathomdb.com","Self","2016-09-01",8500,5651,84
"Yissachar Radcliffe","yissachar.radcliffe@caseware.com","CaseWare","2016-12-01",256,0,3
"Justin Santa Barbara","justin@fathomdb.com","Self","2017-04-01",2884,890,44
"prashima","prashimas@vmware.com","VMware","2017-04-01",304,76,3
"dima","pronix.service@gmail.com","pronix","2017-04-01",300,7,4
"Prashanth Balasubramanian","beeps@google.com","Google","2015-10-01",11,0,1
"Jakub Paweł Głazik","zytek@nuxi.pl","BaseCRM","2017-03-01",31,26,1
"Alex Simenduev","shamil.si@gmail.com","Bringg","2017-06-01",1,1,1
"andrewsykim","andrew@wattpad.com","Wattpad","2017-06-01",376,2376,1
"Abrar Shivani","shivania@vmware.com","VMware","2017-03-01",80,9,3
"Eric Hole","eric.hole@gmail.com","Bar Bouchee","2017-02-01",58,4,3
"Dan Osborne","djosborne10@gmail.com","Tigera","2017-05-01",10,134,1
"Jordan Jennings","jordanjennings@gmail.com","Thermo Fisher Scientific","2017-05-01",64,25,1
"Ashley Penney","apenney@gmail.com","Maxwell Health","2017-01-01",319,258,6
"Norio Akagi","redtree.dev1112@gmail.com","Bandai Namco Entertainment America","2017-05-01",10,8,2
"Tom Payne","twpayne@gmail.com","Camptocamp","2017-04-01",1,1,1
"Sami Makki","smakki@altair.com","Altair Engineering","2016-09-01",0,1,1
"Daniel Smith","dbsmith@google.com","Google","2015-06-01",9,0,1
"Arthur Le Maitre","arthurlm44@gmail.com","FinancialContent","2017-03-01",4,2,3
"heschlie","heschlie@gmail.com","Project Calico","2017-02-01",1130,14,2
"Roberto J Rojas","robertojrojas@gmail.com","Chariot Solutions","2017-04-01",178,40,1
"Randall McPherson","rlmcpherson@gmail.com","Pindrop","2016-12-01",291,111,9
"Blaž Hrastnik","blaz.hrast@gmail.com","mxxn","2017-05-01",1,1,1
"Eric Paris","eparis@redhat.com","Red Hat","2015-05-01",1,1,1
"Kris Nova","kris@nivenly.com","Microsoft","2016-11-01",705,399,29
"Nick Turner","nturner4@gmail.com","Tandem Diabetes","2016-10-01",1,1,1
"Théo Chamley","theo.ch@mley.fr","Oxalide","2017-01-01",213,0,1
"Jakob Jarosch","dev@jakobjarosch.de","itdesign GmbH","2017-01-01",51,0,1
"Justin Santa Barbara","justin@fathomdb.com","Self","2016-01-01",4,0,1
"Chris Love","clove@cnmconsulting.net","CNM Consulting","2016-10-01",6992,397,12
"Mark S. Maglana","mmaglana@gmail.com","Teradata Aster","2016-12-01",3,0,1
"Geosung Lee","github@arar.io","패스트캠퍼스","2017-04-01",4,3,1
"Vincent Ambo","tazjin@gmail.com","Goonswarm","2016-09-01",31,24,2
"Dawn Chen","dawnchen@google.com","Google","2015-05-01",8,0,1
"Johannes Würbach","johannes.wuerbach@googlemail.com","Contentful","2017-02-01",5,1,1
"Austin Moore","austin.moore@teamaol.com","AOL","2016-10-01",3,1,1
"Anurag Goel","_@anur.ag","Self","2017-01-01",25,2,3
"Robin Percy","robin@trinimbus.com","TriNimbus","2017-02-01",273,28,4
"Bradley","bwilsonhunt@gmail.com","FACEIT","2017-05-01",11,10,4
"Andrew Watson","andrewmoorewatson@gmail.com","Ionic","2017-02-01",7,2,1
"Arun Gupta","arun.gupta@gmail.com","Red Hat","2017-07-01",17,2,2
"Justin Santa Barbara","justin@fathomdb.com","Self","2016-10-01",10998,2779,85
"King'ori Maina","j@kingori.co","ZappiStore","2017-02-01",236,57,8
"Shane Starcher","shanestarcher@gmail.com","Datapipe","2017-02-01",113,9,1
"Matt Snoby","snobym@cisco.com","Cisco","2017-04-01",47,15,3
"Daniel Beruben","daniel.beruben@gmail.com","Devops","2016-08-01",8,0,1
"Justin Santa Barbara","justin@fathomdb.com","Self","2016-08-01",4150,2056,66
"Chris Love","clove@cnmconsulting.net","CNM Consulting","2016-11-01",1037,391,27
"Kris Nova","kris@nivenly.com","Microsoft","2016-10-01",2874,1693,28
"Zach Loafman","zml@google.com","Google","2015-01-01",211,0,1
"Brendan Burns","bburns@google.com","Google","2015-06-01",29,9,1
"Jaipradeesh Janarthanan","jaipradeesh@gmail.com","DoSelectHQ","2017-05-01",18,4,3
"Justin Santa Barbara","justin@fathomdb.com","Self","2016-06-01",18717,7699,111
"Zach Loafman","zml@google.com","Google","2017-03-01",10,5,3
"Vincent Ambo","tazjin@gmail.com","Goonswarm","2017-01-01",952,766,8
"Jakub Paweł Głazik","zytek@nuxi.pl","BaseCRM","2016-11-01",1,1,1
"Scott Webber","swebber68@gmail.com","Informatica","2016-12-01",43,0,1
"bryk","bryk@google.com","Google","2016-01-01",2,2,1
"Théo Chamley","theo.ch@mley.fr","Oxalide","2017-03-01",129,24,6
"Jordan Jennings","jordanjennings@gmail.com","Thermo Fisher Scientific","2017-06-01",10,5,1
"Justin Santa Barbara","justin@fathomdb.com","Self","2016-03-01",10086,0,1
"Andy Zheng","qzheng@google.com","Google","2016-02-01",6,2,1
"Matthew Stump","mrevilgnome@gmail.com","Vorstella","2017-04-01",67,1,1
"Robin Percy","robin@trinimbus.com","TriNimbus","2017-01-01",111,1,1
"Logan Attwood","logan.attwood@gmail.com","SecurityScorecard","2016-09-01",4,4,1
"Pierre Ozoux","pierre@ozoux.net","indiehosters","2017-04-01",1,1,1
"SandeepPissay","sandeeppissay@users.noreply.github.com","Requirements Inc","2017-03-01",995,80,8
"Eric Hole","eric.hole@gmail.com","Bar Bouchee","2017-04-01",71,31,5
"Phil Kates","me@philkates.com","SalesForce","2017-02-01",4,0,1
"Chris Love","clove@cnmconsulting.net","CNM Consulting","2017-06-01",572,168,7
"Mike Danese","mikedanese@google.com","Google","2016-05-01",7,1,1
"Chris Love","clove@cnmconsulting.net","CNM Consulting","2017-04-01",585,155,10
"Leandro Repolho","leandrorepolho@gmail.com","Ionic","2017-03-01",2,2,1
"Felipe Cavalcanti","fjfcavalcanti@gmail.com","topfreegames","2017-04-01",136,8,1
"Patrick Harböck","patrick.harboeck@tngtech.com","NotFound","2017-03-01",6,1,1
"Jakob Jarosch","foxylion@users.noreply.github.com","itdesign GmbH","2017-02-01",1,1,1
"Brendan Burns","bburns@google.com","Google","2015-10-01",5,1,1
"Carl B. beethoven1110@gmail.com","beethoven1110@gmail.com","Self","2016-10-01",2,2,1
"Kris Rousey","krousey@google.com","Google","2015-05-01",5,3,1
"Paulo Rafael Feodrippe","pfeodrippe@gmail.com","Teslabit","2017-03-01",1,1,1
"yissachar","ydradcliffe@gmail.com","CaseWare","2016-12-01",14,1,2
"Zac Blazic","zacblazic@gmail.com","ZappiStore","2017-02-01",40,8,7
"Andrey Chernih","andrey.chernih@gmail.com","Jiff Inc","2017-05-01",7,0,1
"Arsen Mamikonyan","arsen@mamikonyan.am","Self","2015-12-01",1,1,1
"Matthew Mihok","4d.69.68.6f.6b@gmail.com","Turnstyle Solutions","2017-02-01",1061,14,2
"Daisuke Fujita","dtanshi45@gmail.com","Wantedly","2017-06-01",35,17,2
"Justin Santa Barbara","justin@fathomdb.com","Self","2016-05-01",11124,1557,30
"Robin Percy","robin@trinimbus.com","TriNimbus","2017-03-01",62,48,2
"Seth Pollack","seth@sethpollack.net","BeenVerified","2017-03-01",31,0,1
"Marc CARRE","carre.marc@gmail.com","Weaveworks","2017-03-01",90,1,1
"King'ori Maina","j@kingori.co","ZappiStore","2016-12-01",4,4,2
"ryane","ryanesc@gmail.com","Jossware","2017-03-01",82,1,2
"Justin Santa Barbara","justin@fathomdb.com","Self","2015-06-01",8,4,1
"Carlos Alexandro Becker","caarlos0@gmail.com","ContaAzul","2017-05-01",5,8,4
"Matt Snoby","snobym@cisco.com","Cisco","2017-02-01",41,0,1
"Aman","aps.sids@gmail.com","Codigami","2016-12-01",5,0,1
"Zach Loafman","zml@google.com","Google","2015-06-01",3,6,1
"Laurent Crisci","laurent@crisci.io","Sainsbury's","2017-05-01",6,6,1
"Caleb Gilmour","cgilmour@gmail.com","Oracle","2016-11-01",1,0,1
"Dai Zuozhuo","daizuozhuo@gmail.com","Amazon","2015-08-01",2,2,1
"Zach Loafman","zml@google.com","Google","2016-08-01",200,39,12
"Justin Nauman","justin.r.nauman+github@gmail.com","Slalom Consulting","2016-12-01",1,1,1
"Ryan L'Italien","ryanlitalien@gmail.com","Endurance International Group","2017-04-01",8,1,2
"Willem Mali","willem.mali@gmail.com","42 Tech","2017-05-01",135,393,6
"Pete Wildsmith","pete@dabapps.com","DabApps","2016-08-01",4,2,2
"Carlos Alexandro Becker","caarlos0@users.noreply.github.com","ContaAzul","2017-04-01",2,2,2
"Vincent Ambo","tazjin@gmail.com","Goonswarm","2017-04-01",8,3,1
"Zach Loafman","zml@google.com","Google","2016-11-01",121,71,9
"ikropotov","ranma.go@gmail.com","Self","2017-02-01",1,1,1
"andrewsykim","andrew@wattpad.com","Wattpad","2017-03-01",104,10,5
"andrewsykim","andrew@wattpad.com","Wattpad","2017-02-01",1585,132,4
"Manuel de Brito Fontes","aledbf@gmail.com","SOFICOM","2016-12-01",1,6,1
"Eric Hole","eric.hole@gmail.com","Bar Bouchee","2017-01-01",745,358,12
"Kamil Hristov","kamilhristov@gmail.com","Devops","2017-01-01",111,30,6
"Carlos Alexandro Becker","caarlos0@users.noreply.github.com","ContaAzul","2017-01-01",4,2,2
"Justin Santa Barbara","justin@fathomdb.com","Self","2017-02-01",12131,3528,64
"fate-grand-order","chenjg@harmonycloud.cn","HarmonyCloud","2017-01-01",3,3,1
"Matt Condon","mattgcondon@gmail.com","SkillShare","2016-11-01",243,18,3
"Matt Condon","matt@skillshare.com","hackNY","2016-12-01",6,5,1
"Kamil Hristov","kamilhristov@gmail.com","Devops","2017-02-01",3,4,2
"andrewsykim","andrew@wattpad.com","Wattpad","2017-05-01",280,289,3
"Blaž Hrastnik","blaz.hrast@gmail.com","mxxn","2017-03-01",1,1,1
"yissachar","ydradcliffe@gmail.com","CaseWare","2017-02-01",80,15,3
"Andrew Holland","aholland@a1dutch.co.uk","NotFound","2017-04-01",31,3,2
"Chris Love","clove@cnmconsulting.net","CNM Consulting","2017-05-01",1344,436,7
"Shimi Kiviti","shimi.k@gmail.com","Rollout.io","2017-05-01",6,2,1
"Duncan McNaught","duncan.mcnaught@welltok.com","Welltok","2016-12-01",24,8,1
"Jon Chiu","jon@jonchiu.com","Confluent","2017-03-01",4,0,1
"Patrick Barker","patrickbarkerco@gmail.com","Datapipe","2017-05-01",13,0,1
"Abhishek Shah","abshah@google.com","Google","2015-03-01",21,2,1
"Willem Mali","willem.mali@gmail.com","42 Tech","2017-06-01",160,66,2
"Jesse Kinkead","jesse.kinkead@gmail.com","Allen Institute for Artificial Intelligence","2017-03-01",3,1,1
"Adam Hawkins","accounts@ahawkins.me","Saltside","2017-02-01",60,0,1
"Mike Splain","mike.splain@gmail.com","Barkly","2017-05-01",57,35,5
"yissachar","ydradcliffe@gmail.com","CaseWare","2017-01-01",22,0,1
"Manuel de Brito Fontes","aledbf@gmail.com","SOFICOM","2017-02-01",77,39,6
"Austin Moore","austin_moore@icloud.com","AOL","2017-05-01",96,7,1
"Robert Bailey","robertbailey@google.com","Google","2015-05-01",48,7,1
"Satnam Singh","satnam@google.com","Google","2015-07-01",6,5,1
"yissachar","ydradcliffe@gmail.com","CaseWare","2017-03-01",1,1,1
"Zach Loafman","zml@google.com","Google","2016-10-01",46,20,5
"Chris Love","clove@cnmconsulting.net","CNM Consulting","2016-08-01",30,10,2
"Carl B. beethoven1110@gmail.com","beethoven1110@gmail.com","Self","2016-11-01",5,2,1
"Jesse Dubay","jdubay@discogsinc.com","Discogs","2016-10-01",2,2,1
"Ted Hahn","ted@lifeonair.com","Life On Air","2017-04-01",6,1,2
"Luis Cordova","cordoval@gmail.com","Weyland & Cordova Corporation","2017-06-01",5,5,1
"yancl","kmoving@gmail.com","Google","2016-11-01",15,3,3
"Muhammed Uluyol","uluyol@google.com","Google","2015-08-01",29,10,2
"Bill Broach","while1eq1@gmail.com","Jibe","2017-04-01",140,125,13
"John Chadwick","johnwchadwick@gmail.com","Benzinga","2016-12-01",5,3,1
"andrewsykim","andrew@wattpad.com","Wattpad","2017-04-01",2155,169,3
"Chris Love","clove@cnmconsulting.net","CNM Consulting","2017-01-01",433,116,7
"alok87","alok.singh@practo.com","Practo","2016-12-01",505,141,9
"Kjersti Jacobson","kjersti.jacobson@gmail.com","Self","2017-01-01",25,27,2
"Olve S. Hansen","olvesh@gmail.com","Vimond Media Solutions","2017-01-01",1,0,1
"Murali Reddy","murali.reddy@cloudnativelabs.net","Apache","2017-06-01",403,38,1
"Matt Condon","matt@skillshare.com","SkillShare","2016-10-01",49,1,2
"Roberto J Rojas","robertojrojas@gmail.com","Chariot Solutions","2016-12-01",98,26,3
"Blake","blake.barnett@postmates.com","Postmates","2017-05-01",6,6,2
"heschlie","heschlie@gmail.com","Project Calico","2017-01-01",3,3,1
"Seth Miller","cr125rider@gmail.com","AerisWeather","2017-05-01",1,1,1
"Eric Tune","etune@google.com","Google","2015-03-01",55,7,1
"Justin Santa Barbara","justin@fathomdb.com","Self","2016-07-01",9696,3777,107
"Brent Dorsey","bdorsey@homeaway.com","HomeAway","2017-04-01",18,2,2
"Pierre Ozoux","pierre@ozoux.net","indiehosters","2017-05-01",1,1,1
"Austin Moore","austin_moore@icloud.com","AOL","2017-06-01",130,3,2
"Seth Pollack","spollack@beenverified.com","BeenVerified","2017-02-01",267,76,6
"Michael Taufen","mtaufen@google.com","Google","2017-02-01",39,2,1
"andrewsykim","andrew@wattpad.com","Wattpad","2016-11-01",75,0,1
"Ashley Penney","ashley.penney@maxwellhealth.com","Maxwell Health","2017-02-01",13,2,3
"Bryan Boreham","bjboreham@gmail.com","Weaveworks","2017-02-01",21,8,2
"Adrian Moisey","adrian@changeover.za.net","ZappiStore","2017-04-01",2,2,2
"Jeffrey Bean","jeffreyrobertbean@gmail.com","Docker","2015-06-01",1,1,1
"mshenhera","mshenhera@users.noreply.github.com","Self","2017-01-01",1,1,1
"yancl","kmoving@gmail.com","Google","2016-12-01",2,2,1
"Kyle Umstatter","blackstar257@users.noreply.github.com","Self","2017-04-01",96,1,3
"Zach Loafman","zml@google.com","Google","2015-03-01",15,2,1
"Yissachar Radcliffe","yissachar.radcliffe@caseware.com","CaseWare","2017-01-01",111,173,3
"Jason Hansen","jhansen@deis.com","Microsoft","2016-06-01",4,4,2
"Martino Visintin","vise890@gmail.com","OVO Energy","2017-01-01",2,0,1
"Yissachar Radcliffe","yissachar.radcliffe@caseware.com","CaseWare","2017-02-01",26,0,1
"Will Platnick","wplatnick@gmail.com","CISSP","2016-12-01",76,6,1
"Thomas Peitz","tsupertramp90@gmail.com","InVision AG","2017-01-01",169,126,10
"Matt Sanford","matt@mzsanford.com","Self","2017-02-01",51,0,1
"CJ Cullen","cjcullen@google.com","Google","2015-04-01",3,38,1
"Vince Montalbano","vince.montalbano@gmail.com","iHeart Media","2016-12-01",67,25,6
"Dhawal Yogesh Bhanushali","dbhanushali@vmware.com","VMware","2016-01-01",1,1,1
"Michel Alexandre Salim","michel@traveloka.com","Traveloka","2016-07-01",4,3,1
"Anandkumar Patel","anand@runnable.com","Runnable","2017-03-01",1,1,1
"Daniel Beruben","daniel.beruben@gmail.com","Devops","2016-07-01",73,17,3
"Justin Santa Barbara","justin@fathomdb.com","Self","2016-12-01",18002,6726,132
"Seth Pollack","spollack@beenverified.com","BeenVerified","2017-05-01",522,7,6
"Eric Paris","eparis@redhat.com","Red Hat","2015-06-01",5,2,2
"Mykhailo Oleksiuk","mykhail.oleksiuk@teamaol.com","Vidible","2016-08-01",100,90,12
"Andrew Johnstone","andrew@ajohnstone.com","Photobox","2016-10-01",2,0,1
"alok87","alok.singh@practo.com","Practo","2016-11-01",636,147,11
"zanhsieh","zanhsieh@gmail.com","Self","2017-05-01",12,18,1
"Giancarlo Rubio","gianrubio@gmail.com","Digidentity","2017-06-01",6,4,3
"Eamon Taaffe","eamontaaffe@gmail.com","Vericus","2017-02-01",1,1,1
"Veres Lajos","vlajos@gmail.com","DrEd Online Doctor","2015-08-01",1,1,1
"Chris Love","clove@cnmconsulting.net","CNM Consulting","2017-02-01",934,1149,15
"Mykhailo Oleksiuk","mykhail.oleksiuk@teamaol.com","Vidible","2016-09-01",7,3,1
"Max Lobur","max_lobur@outlook.com","Mirantis","2017-06-01",10,2,1
"heschlie","heschlie@gmail.com","Project Calico","2017-05-01",221,84,1
