"Name","Email","Affliation","Date","Added","Removed","Changesets"
"sonots","sonots@gmail.com","sonots@gmail.com","2016-08-01",25,7,1
"Kenji Okimoto","okimoto@clear-code.com","okimoto@clear-code.com","2016-08-01",1089,986,39
"moccos","tt.izawa@gmail.com","tt.izawa@gmail.com","2016-09-01",17,17,1
"Takahiro YAMASHITA","nokute78@gmail.com","nokute78@gmail.com","2016-09-01",100,92,9
"Unknown hacker","unknown@hacker.net","unknown@hacker.net","2016-09-01",9,4,29
"ganmacs","ganmacs@gmail.com","ganmacs@gmail.com","2016-08-01",3741,1429,72
"Kentaro Sasaki","kentaro.sasaki.1985@gmail.com","kentaro.sasaki.1985@gmail.com","2016-08-01",6,6,2
"NARUSE, Yui","naruse@airemix.jp","naruse@airemix.jp","2016-10-01",2,2,2
"Eduardo Silva","eduardo@treasure-data.com","Treasure Data","2016-08-01",1901,488,53
"Theron Luhn","theron@luhn.com","theron@luhn.com","2016-09-01",13,11,1
"Nikolay Belitchenov","nikolayb@gmail.com","nikolayb@gmail.com","2016-08-01",148,162,5
"yama-3","kazuhiro.yamabe@gmail.com","kazuhiro.yamabe@gmail.com","2016-10-01",72,68,1
"zaneli","shun.otani@gmail.com","shun.otani@gmail.com","2016-10-01",3,6,1
"TAGOMORI Satoshi","tagomoris@gmail.com","tagomoris@gmail.com","2016-08-01",3289,1410,80
"Hiroshi Hatake","hatake@clear-code.com","hatake@clear-code.com","2016-08-01",475,188,24
"Dima Tisnek","dimaqq@gmail.com","dimaqq@gmail.com","2016-09-01",12,1,1
"Eduardo Silva","eduardo@treasure-data.com","Treasure Data","2016-09-01",2980,821,81
"Adam Chainz","adam@adamj.eu","adam@adamj.eu","2016-10-01",2,0,1
"zaneli","shun.otani@gmail.com","shun.otani@gmail.com","2016-09-01",10,13,3
"OZAWA Tsuyoshi","ozawa.tsuyoshi@gmail.com","ozawa.tsuyoshi@gmail.com","2016-10-01",0,0,1
"Hiroshi Hatake","hatake@clear-code.com","hatake@clear-code.com","2016-10-01",1,1,1
"Takahiro YAMASHITA","nokute78@gmail.com","nokute78@gmail.com","2016-10-01",127,12,7
"okkez","okkez000@gmail.com","okkez000@gmail.com","2016-08-01",36,42,6
"akihiro17","coolwizard11@gmail.com","coolwizard11@gmail.com","2016-10-01",1,1,1
"Ives Stoddard","neurogenesis@users.noreply.github.com","neurogenesis@users.noreply.github.com","2016-10-01",5,5,1
"Sadayuki Furuhashi","frsyuki@gmail.com","frsyuki@gmail.com","2016-08-01",220,58,15
"TAGOMORI Satoshi","tagomoris@gmail.com","tagomoris@gmail.com","2016-10-01",3233,828,66
"Varun Kumar","varun@thedatateam.in","varun@thedatateam.in","2016-10-01",74,35,9
"INADA Naoki","songofacandy@gmail.com","songofacandy@gmail.com","2016-10-01",28,1,2
"Emilien Kenler","emilien@kkvesper.jp","emilien@kkvesper.jp","2016-09-01",17,17,2
"sonots","sonots@gmail.com","sonots@gmail.com","2016-09-01",18,0,1
"Brian Dentino","bdentino@users.noreply.github.com","bdentino@users.noreply.github.com","2016-09-01",1,0,1
"Masahiro Nakagawa","repeatedly@gmail.com","repeatedly@gmail.com","2016-10-01",571,386,67
"INADA Naoki","songofacandy@gmail.com","songofacandy@gmail.com","2016-08-01",9,5,1
"ganmacs","ganmacs@gmail.com","ganmacs@gmail.com","2016-09-01",820,81,9
"Kenji Okimoto","okimoto@clear-code.com","okimoto@clear-code.com","2016-09-01",65,34,7
"Masahiro Nakagawa","repeatedly@gmail.com","repeatedly@gmail.com","2016-09-01",492,78,53
"unak","usa@garbagecollect.jp","usa@garbagecollect.jp","2016-08-01",744,381,25
"OSAKADA Takahiro","t-osakada@iij.ad.jp","t-osakada@iij.ad.jp","2016-09-01",17,1,2
"Unknown hacker","unknown@hacker.net","unknown@hacker.net","2016-08-01",0,0,35
"Unknown hacker","unknown@hacker.net","unknown@hacker.net","2016-10-01",0,0,22
"Ahsan Nabi Dar","ahsandar@users.noreply.github.com","ahsandar@users.noreply.github.com","2016-10-01",1,0,1
"Rene Wagner","wagner@smartclip.de","wagner@smartclip.de","2016-10-01",12,6,2
"Billy","william.j.kern@gmail.com","william.j.kern@gmail.com","2016-09-01",1,1,1
"Tom Meagher","keypusher@gmail.com","keypusher@gmail.com","2016-10-01",1,1,1
"futoase","futoase@gmail.com","futoase@gmail.com","2016-10-01",5,5,1
"Kenji Okimoto","okimoto@clear-code.com","okimoto@clear-code.com","2016-10-01",275,170,32
"Mitsunori Komatsu","komamitsu@gmail.com","komamitsu@gmail.com","2016-08-01",19,10,5
"Takahiro YAMASHITA","nokute78@gmail.com","nokute78@gmail.com","2016-08-01",977,53,20
"Hiroshi Hatake","hatake@clear-code.com","hatake@clear-code.com","2016-09-01",1,0,1
"André Cruz","andre@brpx.com","andre@brpx.com","2016-08-01",1,1,1
"TAGOMORI Satoshi","tagomoris@gmail.com","tagomoris@gmail.com","2016-09-01",1647,624,48
"Takumi Sakamoto","takumi.saka@gmail.com","takumi.saka@gmail.com","2016-09-01",30,3,2
"Masahiro Nakagawa","repeatedly@gmail.com","repeatedly@gmail.com","2016-08-01",435,1338,56
"Yamashita, Yuu","peek824545201@gmail.com","peek824545201@gmail.com","2016-09-01",0,0,1
"Takashi Hagura","takashibagura@users.noreply.github.com","takashibagura@users.noreply.github.com","2016-09-01",3,3,1
"okkez","okkez000@gmail.com","okkez000@gmail.com","2016-09-01",0,0,1
"Jeffrey Gelens","jeffrey@gelens.org","jeffrey@gelens.org","2016-10-01",2,1,1
"OZAWA Tsuyoshi","ozawa.tsuyoshi@gmail.com","ozawa.tsuyoshi@gmail.com","2016-09-01",0,0,1
"liuwenmin","liuwenin@sensetime.com","liuwenin@sensetime.com","2016-09-01",2,2,1
"Eduardo Silva","eduardo@treasure-data.com","Treasure Data","2016-10-01",75424,1235,123
"panage","age.of.pan+github@gmail.com","age.of.pan+github@gmail.com","2016-08-01",110,9,1
"Orange Mi","orangemiwj@gmail.com","orangemiwj@gmail.com","2016-09-01",61,10,2
