"Name","Email","Affliation","Date","Added","Removed","Changesets"
"mqliang","mqliang.zju@gmail.com","Self","2016-04-01",593,49,9
"ngaut","ngaut@126.com","ngaut@126.com","2016-01-01",29,29,4
"Matt Singletary","matt.singletary@gmail.com","matt.singletary@gmail.com","2016-02-01",1,1,1
"Derek Gonyeo","derek.gonyeo@coreos.com","CoreOS","2015-11-01",38,76,1
"masterlvng","masterlvng@gmail.com","masterlvng@gmail.com","2015-12-01",1,1,1
"Joshua Wood","j@joshix.com","j@joshix.com","2016-05-01",23,22,1
"kayrus","kay.diam@gmail.com","NotFound","2016-02-01",231,158,2
"Jonathan Boulle","jonathanboulle@gmail.com","jonathanboulle@gmail.com","2016-03-01",1,1,1
"Xiang Li","xiangli.cs@gmail.com","CoreOS","2015-11-01",1170,300,53
"Xiang Li","xiangli.cs@gmail.com","CoreOS","2016-04-01",3362,899,129
"es-chow","es_chow@163.com","Net EASE 网易有态度","2016-03-01",378,38,1
"Raoof Mohammed","raoofm@users.noreply.github.com","raoofm@users.noreply.github.com","2016-04-01",13,2,3
"Sean Russell","seanerussell@gmail.com","seanerussell@gmail.com","2015-12-01",1,1,1
"Jeremy Derr","jcderr@users.noreply.github.com","jcderr@users.noreply.github.com","2015-12-01",12,0,1
"Brandon Philips","brandon.philips@coreos.com","CoreOS","2015-12-01",18,0,3
"Xiang Li","xiangli.cs@gmail.com","CoreOS","2016-05-01",335,163,18
"Mordy Ovits","mordyovits@yahoo.com","mordyovits@yahoo.com","2016-01-01",2,2,1
"Gyu-Ho Lee","gyuhox@gmail.com","CoreOS","2016-02-01",2742,803,103
"Josh Wood","j@coreos.com","CoreOS","2015-11-01",20,22,7
"Brandon Philips","brandon@ifup.org","CoreOS","2015-11-01",4,2,1
"Sam Rijs","srijs@airpost.net","srijs@airpost.net","2016-01-01",8,4,3
"Hitoshi Mitake","mitake.hitoshi@gmail.com","mitake.hitoshi@gmail.com","2015-12-01",372,42,8
"Yicheng Qin","qycqycqycqycqyc@gmail.com","qycqycqycqycqyc@gmail.com","2015-11-01",398,244,9
"Anthony Romano","anthony.romano@coreos.com","CoreOS","2015-12-01",1858,1806,25
"Brandon Philips","brandon@ifup.org","CoreOS","2016-02-01",6,0,2
"Gyu-Ho Lee","gyuhox@gmail.com","CoreOS","2015-12-01",1658,782,56
"Amit Kumar Gupta","agupta@pivotal.io","agupta@pivotal.io","2016-04-01",1,1,1
"Joe Haddad","timer150@gmail.com","timer150@gmail.com","2016-01-01",53,0,1
"Bram Gruneir","bram@cockroachlabs.com","bram@cockroachlabs.com","2015-12-01",18,5,1
"Jonathan Boulle","jonathanboulle@gmail.com","jonathanboulle@gmail.com","2016-01-01",1,1,6
"Heungsub Lee","sub@subl.ee","sub@subl.ee","2016-01-01",5,5,1
"朱鹏","zhupengbupt@gmail.com","zhupengbupt@gmail.com","2016-04-01",10,0,1
"Quentin Perez","qperez42@gmail.com","qperez42@gmail.com","2016-02-01",3,3,1
"magicwang-cn","wangbowang.wang@huawei.com","Huawei","2016-04-01",1,0,1
"Caleb Champlin","caleb.champlin@gmail.com","caleb.champlin@gmail.com","2016-01-01",452,160,1
"Yiqiao Pu","ypu@redhat.com","Red Hat","2015-11-01",6,0,1
"Anthony Romano","anthony.romano@coreos.com","CoreOS","2016-02-01",5277,3015,130
"Chris Laws","clawsicus@gmail.com","clawsicus@gmail.com","2016-05-01",1,1,1
"Hongchao Deng","hongchaodeng1@gmail.com","CoreOS","2016-04-01",154,6,1
"Gyu-Ho Lee","gyuhox@gmail.com","CoreOS","2016-05-01",754,550,21
"Andrei Korzhevskii","a.korzhevskiy@gmail.com","a.korzhevskiy@gmail.com","2015-11-01",4,1,1
"Anthony Romano","anthony.romano@coreos.com","CoreOS","2016-05-01",311,209,16
"Anthony Romano","anthony.romano@coreos.com","CoreOS","2016-01-01",7867,1446,82
"Michael Persson","michael.ake.persson@gmail.com","michael.ake.persson@gmail.com","2015-12-01",1,1,1
"Nick Owens","mischief@offblast.org","mischief@offblast.org","2016-03-01",1,0,2
"Shawn Smith","shawnpsmith@gmail.com","Signal Sciences Corp","2016-01-01",7,7,6
"Josh Wood","j@coreos.com","CoreOS","2016-01-01",0,0,1
"Gyu-Ho Lee","gyuhox@gmail.com","CoreOS","2016-01-01",27703,12911,107
"Ronald Gundlach-Chmara","ronald.gundlach-chmara@webtrends.com","ronald.gundlach-chmara@webtrends.com","2016-04-01",1,1,1
"Xiang Li","xiangli.cs@gmail.com","CoreOS","2016-02-01",6648,25075,131
"Shaya Potter","spotter@gmail.com","appOrbit","2015-12-01",36,3,2
"Xiang Li","xiangli.cs@gmail.com","CoreOS","2016-01-01",6603,2297,111
"Barak Michener","me@barakmich.com","me@barakmich.com","2015-11-01",13,2,1
"davygeek","davygeek@163.com","Net EASE 网易有态度","2016-01-01",3,3,1
"Ajit Yagaty","ajityagaty@gmail.com","ajityagaty@gmail.com","2016-03-01",73,40,5
"mqliang","mqliang.zju@gmail.com","Self","2015-12-01",103,70,1
"Jonathan Boulle","jonathanboulle@gmail.com","jonathanboulle@gmail.com","2016-02-01",0,4,3
"siddontang","siddontang@gmail.com","siddontang@gmail.com","2016-01-01",9,9,1
"Pawel Palucki","pawel.palucki@intel.com","Intel","2015-12-01",85,1,1
"Ajit Yagaty","ajityagaty@gmail.com","ajityagaty@gmail.com","2016-05-01",221,89,1
"wj","wj@everymatrix.com","wj@everymatrix.com","2016-01-01",1,0,1
"Gyu-Ho Lee","gyuhox@gmail.com","CoreOS","2016-03-01",2063,1347,97
"Lucas Käldström","lucas.kaldstrom@hotmail.co.uk","Rook","2016-03-01",6,6,1
"Anthony Romano","anthony.romano@coreos.com","CoreOS","2016-03-01",6968,59462,113
"Josh Wood","j@coreos.com","CoreOS","2016-04-01",4,4,2
"ngaut","ngaut@126.com","ngaut@126.com","2015-12-01",0,1,1
"Jonathan Boulle","jonathanboulle@gmail.com","jonathanboulle@gmail.com","2015-12-01",185,162,20
"Hongchao Deng","hongchaodeng1@gmail.com","CoreOS","2016-03-01",290,224,2
"Tamir Duberstein","tamird@gmail.com","tamird@gmail.com","2016-04-01",6,6,2
"Geoff Levand","geoff@infradead.org","geoff@infradead.org","2016-04-01",26,7,1
"Hitoshi Mitake","mitake.hitoshi@gmail.com","mitake.hitoshi@gmail.com","2016-04-01",1626,148,12
"Ben Darnell","ben@bendarnell.com","ben@bendarnell.com","2016-01-01",108,23,4
"Arve Knudsen","arve.knudsen@gmail.com","ApresMIDI AB","2016-02-01",154,154,1
"ngaut","ngaut@126.com","ngaut@126.com","2015-11-01",2,2,1
"siddontang","siddontang@gmail.com","siddontang@gmail.com","2016-03-01",11,1,1
"Brandon Philips","brandon.philips@coreos.com","CoreOS","2016-03-01",1,0,1
"Gyu-Ho Lee","gyuhox@gmail.com","CoreOS","2015-11-01",25831,247,17
"Anthony Romano","anthony.romano@coreos.com","CoreOS","2016-04-01",10738,2094,111
"Gyu-Ho Lee","gyuhox@gmail.com","CoreOS","2016-04-01",6460,5795,156
"Rob Holland","rob@clearbit.com","rob@clearbit.com","2016-04-01",1,1,1
"Ajit Yagaty","ajityagaty@gmail.com","ajityagaty@gmail.com","2016-04-01",393,36,8
"AdoHe","coolhzb@163.com","Net EASE 网易有态度","2016-02-01",12,3,1
"Jud White","github@judsonwhite.com","github@judsonwhite.com","2016-04-01",1,0,1
"Jonathan Boulle","jonathanboulle@gmail.com","jonathanboulle@gmail.com","2015-11-01",25,25,12
"=?UTF-8?q?Se=C3=A1n=20C=2E=20McCord?=","ulexus@gmail.com","ulexus@gmail.com","2015-12-01",12,0,1
"kayrus","kay.diam@gmail.com","NotFound","2016-04-01",1,0,1
"Akihiro Suda","suda.akihiro@lab.ntt.co.jp","NTT","2015-12-01",12,0,1
"Colin Hom","colhom@gmail.com","NotFound","2015-11-01",566,3,1
"Hongchao Deng","hongchaodeng@users.noreply.github.com","hongchaodeng@users.noreply.github.com","2016-02-01",13,10,5
"Xiang Li","xiangli.cs@gmail.com","CoreOS","2016-03-01",16022,1070,133
"Josh Wood","j@coreos.com","CoreOS","2016-03-01",6,0,1
"Hitoshi Mitake","mitake.hitoshi@lab.ntt.co.jp","NTT","2015-11-01",3,1,1
"Christopher Dancy","cdancy@users.noreply.github.com","cdancy@users.noreply.github.com","2016-03-01",1,0,1
"Steven Schlansker","sschlansker@opentable.com","sschlansker@opentable.com","2015-12-01",10,0,1
"Brandon Schneider","brandon@ixsystems.com","brandon@ixsystems.com","2016-02-01",1,1,1
"lolynx","londevil@gmail.com","londevil@gmail.com","2016-04-01",10,0,1
"Adam Wolfe Gordon","awg@xvx.ca","awg@xvx.ca","2016-02-01",178,37,6
"es-chow","es_chow@163.com","Net EASE 网易有态度","2015-11-01",524,1076,1
"Hitoshi Mitake","mitake.hitoshi@lab.ntt.co.jp","NTT","2016-02-01",105,43,8
"Andy Boyett","andy.boyett@gmail.com","andy.boyett@gmail.com","2016-03-01",1,0,1
"Alexander Kolbasov","akolbasov@intermodaldata.com","akolbasov@intermodaldata.com","2016-01-01",20,1,1
"mqliang","mqliang.zju@gmail.com","Self","2016-03-01",69,28,2
"Peter Bourgon","peter@bourgon.org","peter@bourgon.org","2016-03-01",34,34,2
"Maciej Bilas","maciej.bilas@gmail.com","maciej.bilas@gmail.com","2016-05-01",4,0,1
"Brian Brazil","brian.brazil@robustperception.io","brian.brazil@robustperception.io","2016-04-01",15,16,1
"kayrus","kay.diam@gmail.com","NotFound","2016-01-01",49,37,2
"Ben Darnell","ben@bendarnell.com","ben@bendarnell.com","2015-11-01",28,3,1
"Hitoshi Mitake","mitake.hitoshi@lab.ntt.co.jp","NTT","2016-03-01",8056,2900,16
"Xiang Li","xiangli.cs@gmail.com","CoreOS","2015-12-01",2754,1393,96
"Geoff Levand","geoff@infradead.org","geoff@infradead.org","2016-05-01",1,3,1
"Hitoshi Mitake","mitake.hitoshi@lab.ntt.co.jp","NTT","2016-01-01",108,32,7
"chz","chz@bingularity.org","chz@bingularity.org","2015-12-01",301,59,3
"Maxime Lahaye","maxime.lahaye@gmail.com","maxime.lahaye@gmail.com","2015-11-01",2,2,1
