"Name","Email","Affliation","Date","Added","Removed","Changesets"
"Zhipeng JIANG","jesusjzp@gmail.com","jesusjzp@gmail.com","2016-09-01",1,1,1
"Nagy Károly Gábriel","karasz@jpi.io","karasz@jpi.io","2016-09-01",1,1,1
"Shawn Smith","shawnpsmith@gmail.com","Signal Sciences Corp","2016-09-01",1,1,1
"Michael Richmond","mrichmon@users.noreply.github.com","mrichmon@users.noreply.github.com","2016-08-01",65,46,1
"John Belamaric","jbelamaric@infoblox.com","Infoblox","2016-10-01",131,4,2
"John Belamaric","jbelamaric@infoblox.com","Infoblox","2016-11-01",705653,391,4
"Manuel Alejandro de Brito Fontes","aledbf@gmail.com","Self","2016-10-01",11,11,1
"Chris O'Haver","cohaver@infoblox.com","cohaver@infoblox.com","2016-11-01",166,128,1
"Jonathan Dickinson","jonathan@dickinsons.co.za","jonathan@dickinsons.co.za","2016-10-01",121,44,1
"Miek Gieben","miek@miek.nl","miek@miek.nl","2016-08-01",2525,9578,22
"Miek Gieben","miek@miek.nl","miek@miek.nl","2016-10-01",4800,2019,42
"cricketliu","cricket@infoblox.com","cricket@infoblox.com","2016-08-01",90,91,15
"Silas Baronda","silas.baronda@gmail.com","silas.baronda@gmail.com","2016-09-01",12,1,1
"Brandon Philips","brandon@ifup.org","CoreOS","2016-08-01",1,1,1
"Manuel Alejandro de Brito Fontes","aledbf@gmail.com","Self","2016-09-01",159,226,9
"Ben Kochie","superq@gmail.com","superq@gmail.com","2016-10-01",76,19,2
"Yong Tang","yongtang@users.noreply.github.com","yongtang@users.noreply.github.com","2016-09-01",187,318,9
"Chris O'Haver","cohaver@infoblox.com","cohaver@infoblox.com","2016-10-01",40,40,2
"Yong Tang","yongtang@users.noreply.github.com","yongtang@users.noreply.github.com","2016-10-01",358,284,8
"Miek Gieben","miek@miek.nl","miek@miek.nl","2016-09-01",3200,2276,42
"Miek Gieben","miek@miek.nl","miek@miek.nl","2016-11-01",1467,799,38
"Zhipeng JIANG","jesusjzp@gmail.com","jesusjzp@gmail.com","2016-10-01",5,4,1
"Michael Grosser","development@stp-ip.net","NotFound","2016-11-01",28,26,3
"Yong Tang","yongtang@users.noreply.github.com","yongtang@users.noreply.github.com","2016-11-01",4,3,2
"Dave James Miller","dave@davejamesmiller.com","dave@davejamesmiller.com","2016-10-01",1,1,1
"Chris O'Haver","chrisohaver@gmail.com","chrisohaver@gmail.com","2016-09-01",43,12,1
